item_idx,cell,code,observed,B0,BS,observed_item_mean,b0_item_mean,bs_item_mean,observed_deviation,b0_deviation,bs_deviation,bs_b0_change,direction_eligible,direction_agrees
1,25_34|man|bachelor,1,0.1612053526394861,0.02,0.01,0.04395188308745095,0.01707070707070707,0.02448621872991621,0.11725346955203514,0.002929292929292931,-0.014486218729916211,-0.01,true,false
1,25_34|man|bachelor,2,0.1778072428346146,0.04,0.07,0.05768845024783337,0.03443850267379679,0.05897237682951969,0.12011879258678124,0.005561497326203209,0.011027623170480318,0.030000000000000006,true,true
1,25_34|man|bachelor,3,0.2883724430415151,0.16,0.24,0.18855854981702905,0.15955733808674988,0.24095450301332655,0.09981389322448606,0.00044266191325012527,-0.0009545030133265575,0.07999999999999999,true,true
1,25_34|man|bachelor,4,0.28777545395844445,0.42,0.41,0.32449325611441965,0.3574064171122995,0.3870251130755332,-0.0367178021559752,0.0625935828877005,0.022974886924466753,-0.010000000000000009,true,true
1,25_34|man|bachelor,5,0.08483950752593974,0.36,0.24,0.3795760185946855,0.41975638740344623,0.2626139546727782,-0.29473651106874577,-0.05975638740344624,-0.022613954672778214,-0.12,true,true
1,25_34|man|bachelor,6,0.0,0.0,0.03,0.005731842138581481,0.011770647653000595,0.025947833678926117,-0.005731842138581481,-0.011770647653000595,0.004052166321073882,0.03,true,false
1,25_34|woman|bachelor,1,0.048303518916701794,0.01,0.01,0.04395188308745095,0.01707070707070707,0.02448621872991621,0.004351635829250841,-0.007070707070707069,-0.014486218729916211,0.0,true,false
1,25_34|woman|bachelor,2,0.10181107990434227,0.02,0.08,0.05768845024783337,0.03443850267379679,0.05897237682951969,0.0441226296565089,-0.014438502673796792,0.021027623170480313,0.06,true,true
1,25_34|woman|bachelor,3,0.11197410585944269,0.15,0.29,0.18855854981702905,0.15955733808674988,0.24095450301332655,-0.07658444395758636,-0.009557338086749884,0.04904549698667343,0.13999999999999999,true,false
1,25_34|woman|bachelor,4,0.35523886075540007,0.34,0.4,0.32449325611441965,0.3574064171122995,0.3870251130755332,0.030745604640980417,-0.017406417112299455,0.0129748869244668,0.06,true,true
1,25_34|woman|bachelor,5,0.32660003577742397,0.45,0.19,0.3795760185946855,0.41975638740344623,0.2626139546727782,-0.05297598281726151,0.03024361259655378,-0.0726139546727782,-0.26,true,true
1,25_34|woman|bachelor,6,0.056072398786689216,0.03,0.03,0.005731842138581481,0.011770647653000595,0.025947833678926117,0.050340556648107736,0.018229352346999406,0.004052166321073882,0.0,true,false
1,25_34|woman|college_trades,1,0.0,0.0,0.0,0.04395188308745095,0.01707070707070707,0.02448621872991621,-0.04395188308745095,-0.01707070707070707,-0.02448621872991621,0.0,true,false
1,25_34|woman|college_trades,2,0.045011387584231205,0.0,0.05,0.05768845024783337,0.03443850267379679,0.05897237682951969,-0.012677062663602162,-0.03443850267379679,-0.008972376829519686,0.05,true,false
1,25_34|woman|college_trades,3,0.2525699612114231,0.12,0.3,0.18855854981702905,0.15955733808674988,0.24095450301332655,0.06401141139439406,-0.03955733808674988,0.05904549698667344,0.18,true,true
1,25_34|woman|college_trades,4,0.32134124177340395,0.44,0.36,0.32449325611441965,0.3574064171122995,0.3870251130755332,-0.0031520143410156964,0.08259358288770052,-0.027025113075533236,-0.08000000000000002,true,true
1,25_34|woman|college_trades,5,0.3810774094309417,0.43,0.26,0.3795760185946855,0.41975638740344623,0.2626139546727782,0.0015013908362562223,0.010243612596553764,-0.002613954672778196,-0.16999999999999998,true,false
1,25_34|woman|college_trades,6,0.0,0.01,0.03,0.005731842138581481,0.011770647653000595,0.025947833678926117,-0.005731842138581481,-0.0017706476530005948,0.004052166321073882,0.019999999999999997,true,false
1,25_34|woman|high_school,1,0.08039845155811823,0.02,0.03,0.04395188308745095,0.01707070707070707,0.02448621872991621,0.036446568470667275,0.002929292929292931,0.0055137812700837875,0.009999999999999998,true,true
1,25_34|woman|high_school,2,0.0,0.02,0.11,0.05768845024783337,0.03443850267379679,0.05897237682951969,-0.05768845024783337,-0.014438502673796792,0.05102762317048031,0.09,true,false
1,25_34|woman|high_school,3,0.05072176516505086,0.18,0.28,0.18855854981702905,0.15955733808674988,0.24095450301332655,-0.13783678465197818,0.020442661913250115,0.03904549698667348,0.10000000000000003,true,false
1,25_34|woman|high_school,4,0.3927897013725686,0.34,0.33,0.32449325611441965,0.3574064171122995,0.3870251130755332,0.06829644525814893,-0.017406417112299455,-0.05702511307553321,-0.010000000000000009,true,false
1,25_34|woman|high_school,5,0.4760900819042624,0.43,0.23,0.3795760185946855,0.41975638740344623,0.2626139546727782,0.0965140633095769,0.010243612596553764,-0.032613954672778195,-0.19999999999999998,true,false
1,25_34|woman|high_school,6,0.0,0.01,0.02,0.005731842138581481,0.011770647653000595,0.025947833678926117,-0.005731842138581481,-0.0017706476530005948,-0.005947833678926116,0.01,true,false
1,35_44|man|above_bachelor,1,0.0,0.01,0.04040404040404041,0.04395188308745095,0.01707070707070707,0.02448621872991621,-0.04395188308745095,-0.007070707070707069,0.015917821674124196,0.030404040404040406,true,false
1,35_44|man|above_bachelor,2,0.0,0.02,0.04040404040404041,0.05768845024783337,0.03443850267379679,0.05897237682951969,-0.05768845024783337,-0.014438502673796792,-0.01856833642547928,0.020404040404040407,true,false
1,35_44|man|above_bachelor,3,0.0,0.16,0.23232323232323232,0.18855854981702905,0.15955733808674988,0.24095450301332655,-0.18855854981702905,0.00044266191325012527,-0.008631270690094228,0.07232323232323232,true,false
1,35_44|man|above_bachelor,4,0.46015948549076346,0.42,0.43434343434343436,0.32449325611441965,0.3574064171122995,0.3870251130755332,0.13566622937634382,0.0625935828877005,0.04731832126790114,0.01434343434343438,true,true
1,35_44|man|above_bachelor,5,0.5398405145092365,0.38,0.23232323232323232,0.3795760185946855,0.41975638740344623,0.2626139546727782,0.16026449591455105,-0.039756387403446225,-0.030290722349545884,-0.14767676767676768,true,false
1,35_44|man|above_bachelor,6,0.0,0.01,0.020202020202020204,0.005731842138581481,0.011770647653000595,0.025947833678926117,-0.005731842138581481,-0.0017706476530005948,-0.005745813476905913,0.010202020202020204,true,false
1,35_44|man|bachelor,1,0.12096126606117312,0.02,0.030303030303030304,0.04395188308745095,0.01707070707070707,0.02448621872991621,0.07700938297372217,0.002929292929292931,0.0058168115731140925,0.010303030303030303,true,true
1,35_44|man|bachelor,2,0.1101847400718018,0.04,0.04040404040404041,0.05768845024783337,0.03443850267379679,0.05897237682951969,0.05249628982396844,0.005561497326203209,-0.01856833642547928,0.00040404040404040664,true,true
1,35_44|man|bachelor,3,0.1872241033520218,0.15,0.21212121212121213,0.18855854981702905,0.15955733808674988,0.24095450301332655,-0.001334446465007244,-0.009557338086749884,-0.02883329089211442,0.06212121212121213,true,false
1,35_44|man|bachelor,4,0.1901865837172101,0.43,0.5252525252525253,0.32449325611441965,0.3574064171122995,0.3870251130755332,-0.13430667239720956,0.07259358288770051,0.13822741217699208,0.09525252525252531,true,false
1,35_44|man|bachelor,5,0.39144330679779316,0.35,0.1717171717171717,0.3795760185946855,0.41975638740344623,0.2626139546727782,0.011867288203107673,-0.06975638740344625,-0.09089678295560649,-0.17828282828282827,true,false
1,35_44|man|bachelor,6,0.0,0.01,0.020202020202020204,0.005731842138581481,0.011770647653000595,0.025947833678926117,-0.005731842138581481,-0.0017706476530005948,-0.005745813476905913,0.010202020202020204,true,false
1,35_44|man|college_trades,1,0.05433631049004506,0.020202020202020204,0.010101010101010102,0.04395188308745095,0.01707070707070707,0.02448621872991621,0.010384427402594106,0.003131313131313134,-0.01438520862890611,-0.010101010101010102,true,false
1,35_44|man|college_trades,2,0.038018228711816426,0.030303030303030304,0.06060606060606061,0.05768845024783337,0.03443850267379679,0.05897237682951969,-0.01967022153601694,-0.004135472370766488,0.0016336837765409187,0.030303030303030304,true,false
1,35_44|man|college_trades,3,0.1548226835811885,0.20202020202020202,0.30303030303030304,0.18855854981702905,0.15955733808674988,0.24095450301332655,-0.033735866235840545,0.04246286393345214,0.06207580001697649,0.10101010101010102,true,false
1,35_44|man|college_trades,4,0.2715354762765465,0.35353535353535354,0.3333333333333333,0.32449325611441965,0.3574064171122995,0.3870251130755332,-0.05295777983787314,-0.0038710635769459434,-0.05369177974219991,-0.02020202020202022,true,true
1,35_44|man|college_trades,5,0.48128730094040345,0.37373737373737376,0.29292929292929293,0.3795760185946855,0.41975638740344623,0.2626139546727782,0.10171128234571797,-0.04601901366607247,0.030315338256514723,-0.08080808080808083,true,false
1,35_44|man|college_trades,6,0.0,0.020202020202020204,0.0,0.005731842138581481,0.011770647653000595,0.025947833678926117,-0.005731842138581481,0.008431372549019609,-0.025947833678926117,-0.020202020202020204,true,true
1,35_44|man|high_school,1,0.04485154583233467,0.02,0.03,0.04395188308745095,0.01707070707070707,0.02448621872991621,0.0008996627448837197,0.002929292929292931,0.0055137812700837875,0.009999999999999998,true,true
1,35_44|man|high_school,2,0.0,0.05,0.08,0.05768845024783337,0.03443850267379679,0.05897237682951969,-0.05768845024783337,0.01556149732620321,0.021027623170480313,0.03,true,false
1,35_44|man|high_school,3,0.1581728749563911,0.11,0.32,0.18855854981702905,0.15955733808674988,0.24095450301332655,-0.03038567486063795,-0.04955733808674988,0.07904549698667346,0.21000000000000002,true,false
1,35_44|man|high_school,4,0.34587821161297266,0.41,0.22,0.32449325611441965,0.3574064171122995,0.3870251130755332,0.021384955498553015,0.052593582887700496,-0.16702511307553322,-0.18999999999999997,true,false
1,35_44|man|high_school,5,0.45109736759830155,0.39,0.3,0.3795760185946855,0.41975638740344623,0.2626139546727782,0.07152134900361606,-0.029756387403446216,0.037386045327221784,-0.09000000000000002,true,false
1,35_44|man|high_school,6,0.0,0.02,0.05,0.005731842138581481,0.011770647653000595,0.025947833678926117,-0.005731842138581481,0.008229352346999405,0.024052166321073886,0.030000000000000002,true,false
1,35_44|woman|bachelor,1,0.07786710335922374,0.03,0.02,0.04395188308745095,0.01707070707070707,0.02448621872991621,0.03391522027177279,0.01292929292929293,-0.004486218729916211,-0.009999999999999998,true,false
1,35_44|woman|bachelor,2,0.05452374603359622,0.05,0.06,0.05768845024783337,0.03443850267379679,0.05897237682951969,-0.003164704214237146,0.01556149732620321,0.0010276231704803088,0.009999999999999995,true,false
1,35_44|woman|bachelor,3,0.1788424583510684,0.17,0.17,0.18855854981702905,0.15955733808674988,0.24095450301332655,-0.009716091465960641,0.010442661913250134,-0.07095450301332654,0.0,true,false
1,35_44|woman|bachelor,4,0.3428179045859247,0.4,0.45,0.32449325611441965,0.3574064171122995,0.3870251130755332,0.018324648471505056,0.04259358288770054,0.06297488692446679,0.04999999999999999,true,true
1,35_44|woman|bachelor,5,0.34594878767018694,0.34,0.29,0.3795760185946855,0.41975638740344623,0.2626139546727782,-0.03362723092449854,-0.0797563874034462,0.027386045327221775,-0.050000000000000044,true,true
1,35_44|woman|bachelor,6,0.0,0.01,0.01,0.005731842138581481,0.011770647653000595,0.025947833678926117,-0.005731842138581481,-0.0017706476530005948,-0.015947833678926118,0.0,true,false
1,35_44|woman|college_trades,1,0.09737599094099321,0.02,0.020202020202020204,0.04395188308745095,0.01707070707070707,0.02448621872991621,0.053424107853542256,0.002929292929292931,-0.004284198527896008,0.00020202020202020332,true,true
1,35_44|woman|college_trades,2,0.09218075636557684,0.04,0.0707070707070707,0.05768845024783337,0.03443850267379679,0.05897237682951969,0.03449230611774347,0.005561497326203209,0.011734693877551015,0.030707070707070704,true,true
1,35_44|woman|college_trades,3,0.23192070343277946,0.13,0.24242424242424243,0.18855854981702905,0.15955733808674988,0.24095450301332655,0.04336215361575041,-0.029557338086749874,0.0014697394109158823,0.11242424242424243,true,true
1,35_44|woman|college_trades,4,0.29384742055082885,0.25,0.41414141414141414,0.32449325611441965,0.3574064171122995,0.3870251130755332,-0.030645835563590795,-0.10740641711229948,0.02711630106588092,0.16414141414141414,true,false
1,35_44|woman|college_trades,5,0.28467512870982165,0.56,0.2222222222222222,0.3795760185946855,0.41975638740344623,0.2626139546727782,-0.09490088988486384,0.14024361259655382,-0.040391732450555995,-0.33777777777777784,true,true
1,35_44|woman|college_trades,6,0.0,0.0,0.030303030303030304,0.005731842138581481,0.011770647653000595,0.025947833678926117,-0.005731842138581481,-0.011770647653000595,0.004355196624104187,0.030303030303030304,true,false
1,35_44|woman|high_school,1,0.03823643435907381,0.02,0.05,0.04395188308745095,0.01707070707070707,0.02448621872991621,-0.005715448728377141,0.002929292929292931,0.02551378127008379,0.030000000000000002,true,false
1,35_44|woman|high_school,2,0.04829733405304151,0.03,0.07,0.05768845024783337,0.03443850267379679,0.05897237682951969,-0.009391116194791854,-0.004438502673796793,0.011027623170480318,0.04000000000000001,true,false
1,35_44|woman|high_school,3,0.13342372737538716,0.17,0.21,0.18855854981702905,0.15955733808674988,0.24095450301332655,-0.05513482244164189,0.010442661913250134,-0.030954503013326556,0.03999999999999998,true,false
1,35_44|woman|high_school,4,0.28097675148109136,0.31,0.38,0.32449325611441965,0.3574064171122995,0.3870251130755332,-0.04351650463332829,-0.04740641711229948,-0.007025113075533218,0.07,true,false
1,35_44|woman|high_school,5,0.4990657527314062,0.45,0.23,0.3795760185946855,0.41975638740344623,0.2626139546727782,0.1194897341367207,0.03024361259655378,-0.032613954672778195,-0.22,true,false
1,35_44|woman|high_school,6,0.0,0.02,0.06,0.005731842138581481,0.011770647653000595,0.025947833678926117,-0.005731842138581481,0.008229352346999405,0.034052166321073885,0.039999999999999994,true,false
1,45_54|man|above_bachelor,1,0.0,0.0,0.03,0.04395188308745095,0.01707070707070707,0.02448621872991621,-0.04395188308745095,-0.01707070707070707,0.0055137812700837875,0.03,true,false
1,45_54|man|above_bachelor,2,0.0591578923610763,0.04,0.04,0.05768845024783337,0.03443850267379679,0.05897237682951969,0.0014694421132429303,0.005561497326203209,-0.018972376829519688,0.0,true,false
1,45_54|man|above_bachelor,3,0.1725283599430124,0.13,0.3,0.18855854981702905,0.15955733808674988,0.24095450301332655,-0.016030189874016637,-0.029557338086749874,0.05904549698667344,0.16999999999999998,true,false
1,45_54|man|above_bachelor,4,0.4414292982868649,0.4,0.33,0.32449325611441965,0.3574064171122995,0.3870251130755332,0.11693604217244524,0.04259358288770054,-0.05702511307553321,-0.07,true,false
1,45_54|man|above_bachelor,5,0.32688444940904643,0.43,0.26,0.3795760185946855,0.41975638740344623,0.2626139546727782,-0.05269156918563905,0.010243612596553764,-0.002613954672778196,-0.16999999999999998,true,true
1,45_54|man|above_bachelor,6,0.0,0.0,0.04,0.005731842138581481,0.011770647653000595,0.025947833678926117,-0.005731842138581481,-0.011770647653000595,0.014052166321073884,0.04,true,false
1,45_54|man|bachelor,1,0.0,0.02,0.02,0.04395188308745095,0.01707070707070707,0.02448621872991621,-0.04395188308745095,0.002929292929292931,-0.004486218729916211,0.0,true,false
1,45_54|man|bachelor,2,0.12804309412785111,0.06,0.06,0.05768845024783337,0.03443850267379679,0.05897237682951969,0.07035464388001775,0.025561497326203206,0.0010276231704803088,0.0,true,false
1,45_54|man|bachelor,3,0.10007044446608293,0.19,0.16,0.18855854981702905,0.15955733808674988,0.24095450301332655,-0.08848810535094612,0.030442661913250124,-0.08095450301332655,-0.03,true,true
1,45_54|man|bachelor,4,0.3044718627272082,0.32,0.51,0.32449325611441965,0.3574064171122995,0.3870251130755332,-0.020021393387211428,-0.03740641711229947,0.12297488692446679,0.19,true,false
1,45_54|man|bachelor,5,0.4674145986788577,0.41,0.23,0.3795760185946855,0.41975638740344623,0.2626139546727782,0.08783858008417222,-0.009756387403446254,-0.032613954672778195,-0.17999999999999997,true,false
1,45_54|man|bachelor,6,0.0,0.0,0.02,0.005731842138581481,0.011770647653000595,0.025947833678926117,-0.005731842138581481,-0.011770647653000595,-0.005947833678926116,0.02,true,false
1,45_54|man|college_trades,1,0.04500364433876996,0.020202020202020204,0.03,0.04395188308745095,0.01707070707070707,0.02448621872991621,0.0010517612513190056,0.003131313131313134,0.0055137812700837875,0.009797979797979795,true,true
1,45_54|man|college_trades,2,0.0,0.030303030303030304,0.04,0.05768845024783337,0.03443850267379679,0.05897237682951969,-0.05768845024783337,-0.004135472370766488,-0.018972376829519688,0.009696969696969697,true,false
1,45_54|man|college_trades,3,0.2883467227885307,0.13131313131313133,0.23,0.18855854981702905,0.15955733808674988,0.24095450301332655,0.09978817297150164,-0.028244206773618552,-0.010954503013326539,0.09868686868686868,true,true
1,45_54|man|college_trades,4,0.3176238072538759,0.37373737373737376,0.46,0.32449325611441965,0.3574064171122995,0.3870251130755332,-0.006869448860543748,0.016330956625074278,0.0729748869244668,0.08626262626262626,true,false
1,45_54|man|college_trades,5,0.3490258256188234,0.4444444444444444,0.23,0.3795760185946855,0.41975638740344623,0.2626139546727782,-0.03055019297586209,0.02468805704099819,-0.032613954672778195,-0.2144444444444444,true,true
1,45_54|man|college_trades,6,0.0,0.0,0.01,0.005731842138581481,0.011770647653000595,0.025947833678926117,-0.005731842138581481,-0.011770647653000595,-0.015947833678926118,0.01,true,false
1,45_54|man|high_school,1,0.0,0.02,0.030303030303030304,0.04395188308745095,0.01707070707070707,0.02448621872991621,-0.04395188308745095,0.002929292929292931,0.0058168115731140925,0.010303030303030303,true,false
1,45_54|man|high_school,2,0.06037495924222811,0.04,0.0707070707070707,0.05768845024783337,0.03443850267379679,0.05897237682951969,0.0026865089943947443,0.005561497326203209,0.011734693877551015,0.030707070707070704,true,true
1,45_54|man|high_school,3,0.1895416907380305,0.17,0.25252525252525254,0.18855854981702905,0.15955733808674988,0.24095450301332655,0.000983140921001463,0.010442661913250134,0.011570749511925993,0.08252525252525253,true,true
1,45_54|man|high_school,4,0.4081791633505676,0.4,0.36363636363636365,0.32449325611441965,0.3574064171122995,0.3870251130755332,0.08368590723614794,0.04259358288770054,-0.023388749439169576,-0.036363636363636376,true,false
1,45_54|man|high_school,5,0.34190418666917377,0.35,0.25252525252525254,0.3795760185946855,0.41975638740344623,0.2626139546727782,-0.03767183192551171,-0.06975638740344625,-0.010088702147525663,-0.09747474747474744,true,true
1,45_54|man|high_school,6,0.0,0.02,0.030303030303030304,0.005731842138581481,0.011770647653000595,0.025947833678926117,-0.005731842138581481,0.008229352346999405,0.004355196624104187,0.010303030303030303,true,false
1,45_54|woman|above_bachelor,1,0.0,0.02,0.04,0.04395188308745095,0.01707070707070707,0.02448621872991621,-0.04395188308745095,0.002929292929292931,0.01551378127008379,0.02,true,false
1,45_54|woman|above_bachelor,2,0.0,0.02,0.06,0.05768845024783337,0.03443850267379679,0.05897237682951969,-0.05768845024783337,-0.014438502673796792,0.0010276231704803088,0.039999999999999994,true,false
1,45_54|woman|above_bachelor,3,0.25802912193376054,0.11,0.31,0.18855854981702905,0.15955733808674988,0.24095450301332655,0.0694705721167315,-0.04955733808674988,0.06904549698667345,0.2,true,true
1,45_54|woman|above_bachelor,4,0.39241062179594366,0.38,0.41,0.32449325611441965,0.3574064171122995,0.3870251130755332,0.06791736568152401,0.022593582887700525,0.022974886924466753,0.02999999999999997,true,true
1,45_54|woman|above_bachelor,5,0.34956025627029585,0.47,0.16,0.3795760185946855,0.41975638740344623,0.2626139546727782,-0.030015762324389628,0.050243612596553744,-0.1026139546727782,-0.30999999999999994,true,true
1,45_54|woman|above_bachelor,6,0.0,0.0,0.02,0.005731842138581481,0.011770647653000595,0.025947833678926117,-0.005731842138581481,-0.011770647653000595,-0.005947833678926116,0.02,true,false
1,45_54|woman|bachelor,1,0.03507272179991884,0.0,0.04,0.04395188308745095,0.01707070707070707,0.02448621872991621,-0.008879161287532113,-0.01707070707070707,0.01551378127008379,0.04,true,false
1,45_54|woman|bachelor,2,0.07122682103028458,0.030303030303030304,0.12,0.05768845024783337,0.03443850267379679,0.05897237682951969,0.013538370782451209,-0.004135472370766488,0.06102762317048031,0.08969696969696969,true,true
1,45_54|woman|bachelor,3,0.0804423317593998,0.16161616161616163,0.14,0.18855854981702905,0.15955733808674988,0.24095450301332655,-0.10811621805762925,0.002058823529411752,-0.10095450301332654,-0.021616161616161617,true,true
1,45_54|woman|bachelor,4,0.4086668645880869,0.45454545454545453,0.41,0.32449325611441965,0.3574064171122995,0.3870251130755332,0.08417360847366723,0.09713903743315505,0.022974886924466753,-0.044545454545454555,true,false
1,45_54|woman|bachelor,5,0.4045912608223099,0.35353535353535354,0.27,0.3795760185946855,0.41975638740344623,0.2626139546727782,0.025015242227624412,-0.0662210338680927,0.007386045327221813,-0.08353535353535352,true,false
1,45_54|woman|bachelor,6,0.0,0.0,0.02,0.005731842138581481,0.011770647653000595,0.025947833678926117,-0.005731842138581481,-0.011770647653000595,-0.005947833678926116,0.02,true,false
1,45_54|woman|college_trades,1,0.030990150147579085,0.01,0.0,0.04395188308745095,0.01707070707070707,0.02448621872991621,-0.012961732939871868,-0.007070707070707069,-0.02448621872991621,-0.01,true,true
1,45_54|woman|college_trades,2,0.0,0.05,0.04,0.05768845024783337,0.03443850267379679,0.05897237682951969,-0.05768845024783337,0.01556149732620321,-0.018972376829519688,-0.010000000000000002,true,true
1,45_54|woman|college_trades,3,0.3473259170294758,0.18,0.23,0.18855854981702905,0.15955733808674988,0.24095450301332655,0.15876736721244675,0.020442661913250115,-0.010954503013326539,0.05000000000000002,true,true
1,45_54|woman|college_trades,4,0.32902798679383183,0.27,0.33,0.32449325611441965,0.3574064171122995,0.3870251130755332,0.00453473067941218,-0.08740641711229946,-0.05702511307553321,0.06,true,true
1,45_54|woman|college_trades,5,0.2926559460291133,0.49,0.39,0.3795760185946855,0.41975638740344623,0.2626139546727782,-0.08692007256557216,0.07024361259655376,0.1273860453272218,-0.09999999999999998,true,true
1,45_54|woman|college_trades,6,0.0,0.0,0.01,0.005731842138581481,0.011770647653000595,0.025947833678926117,-0.005731842138581481,-0.011770647653000595,-0.015947833678926118,0.01,true,false
1,45_54|woman|high_school,1,0.026615484125682386,0.05,0.0,0.04395188308745095,0.01707070707070707,0.02448621872991621,-0.017336398961768567,0.03292929292929293,-0.02448621872991621,-0.05,true,true
1,45_54|woman|high_school,2,0.0496712964949917,0.05,0.02,0.05768845024783337,0.03443850267379679,0.05897237682951969,-0.00801715375284167,0.01556149732620321,-0.03897237682951969,-0.030000000000000002,true,true
1,45_54|woman|high_school,3,0.18686370188290924,0.14,0.34,0.18855854981702905,0.15955733808674988,0.24095450301332655,-0.0016948479341198086,-0.019557338086749865,0.09904549698667348,0.2,true,false
1,45_54|woman|high_school,4,0.338123175065748,0.37,0.32,0.32449325611441965,0.3574064171122995,0.3870251130755332,0.013629918951328368,0.012593582887700516,-0.06702511307553322,-0.04999999999999999,true,false
1,45_54|woman|high_school,5,0.3987263424306686,0.37,0.3,0.3795760185946855,0.41975638740344623,0.2626139546727782,0.01915032383598314,-0.049756387403446234,0.037386045327221784,-0.07,true,false
1,45_54|woman|high_school,6,0.0,0.02,0.02,0.005731842138581481,0.011770647653000595,0.025947833678926117,-0.005731842138581481,0.008229352346999405,-0.005947833678926116,0.0,true,false
1,55_64|man|above_bachelor,1,0.0,0.03,0.04040404040404041,0.04395188308745095,0.01707070707070707,0.02448621872991621,-0.04395188308745095,0.01292929292929293,0.015917821674124196,0.010404040404040409,true,false
1,55_64|man|above_bachelor,2,0.05645836120873475,0.07,0.050505050505050504,0.05768845024783337,0.03443850267379679,0.05897237682951969,-0.0012300890390986169,0.035561497326203215,-0.008467326324469185,-0.019494949494949503,true,true
1,55_64|man|above_bachelor,3,0.29715938554756877,0.17,0.29292929292929293,0.18855854981702905,0.15955733808674988,0.24095450301332655,0.10860083573053972,0.010442661913250134,0.05197478991596638,0.12292929292929292,true,true
1,55_64|man|above_bachelor,4,0.16298412552232222,0.28,0.31313131313131315,0.32449325611441965,0.3574064171122995,0.3870251130755332,-0.16150913059209743,-0.07740641711229945,-0.07389379994422007,0.03313131313131312,true,false
1,55_64|man|above_bachelor,5,0.48339812772137425,0.44,0.2727272727272727,0.3795760185946855,0.41975638740344623,0.2626139546727782,0.10382210912668877,0.020243612596553773,0.010113318054494502,-0.1672727272727273,true,false
1,55_64|man|above_bachelor,6,0.0,0.01,0.030303030303030304,0.005731842138581481,0.011770647653000595,0.025947833678926117,-0.005731842138581481,-0.0017706476530005948,0.004355196624104187,0.020303030303030302,true,false
1,55_64|man|bachelor,1,0.08825921723854525,0.03,0.03,0.04395188308745095,0.01707070707070707,0.02448621872991621,0.0443073341510943,0.01292929292929293,0.0055137812700837875,0.0,true,false
1,55_64|man|bachelor,2,0.12778346845262561,0.05,0.04,0.05768845024783337,0.03443850267379679,0.05897237682951969,0.07009501820479225,0.01556149732620321,-0.018972376829519688,-0.010000000000000002,true,false
1,55_64|man|bachelor,3,0.13627701368295378,0.13,0.24,0.18855854981702905,0.15955733808674988,0.24095450301332655,-0.05228153613407527,-0.029557338086749874,-0.0009545030133265575,0.10999999999999999,true,false
1,55_64|man|bachelor,4,0.3173301856597885,0.4,0.47,0.32449325611441965,0.3574064171122995,0.3870251130755332,-0.00716307045463116,0.04259358288770054,0.08297488692446675,0.06999999999999995,true,false
1,55_64|man|bachelor,5,0.33035011496608685,0.35,0.19,0.3795760185946855,0.41975638740344623,0.2626139546727782,-0.04922590362859863,-0.06975638740344625,-0.0726139546727782,-0.15999999999999998,true,true
1,55_64|man|bachelor,6,0.0,0.04,0.03,0.005731842138581481,0.011770647653000595,0.025947833678926117,-0.005731842138581481,0.028229352346999408,0.004052166321073882,-0.010000000000000002,true,true
1,55_64|man|college_trades,1,0.030170868494493533,0.02,0.03,0.04395188308745095,0.01707070707070707,0.02448621872991621,-0.01378101459295742,0.002929292929292931,0.0055137812700837875,0.009999999999999998,true,false
1,55_64|man|college_trades,2,0.08678543585872794,0.03,0.07,0.05768845024783337,0.03443850267379679,0.05897237682951969,0.029096985610894577,-0.004438502673796793,0.011027623170480318,0.04000000000000001,true,true
1,55_64|man|college_trades,3,0.20601693237816565,0.22,0.24,0.18855854981702905,0.15955733808674988,0.24095450301332655,0.017458382561136604,0.06044266191325012,-0.0009545030133265575,0.01999999999999999,true,true
1,55_64|man|college_trades,4,0.36830605135815864,0.37,0.37,0.32449325611441965,0.3574064171122995,0.3870251130755332,0.04381279524373899,0.012593582887700516,-0.017025113075533227,0.0,true,false
1,55_64|man|college_trades,5,0.3087207119104542,0.35,0.24,0.3795760185946855,0.41975638740344623,0.2626139546727782,-0.07085530668423129,-0.06975638740344625,-0.022613954672778214,-0.10999999999999999,true,true
1,55_64|man|college_trades,6,0.0,0.01,0.05,0.005731842138581481,0.011770647653000595,0.025947833678926117,-0.005731842138581481,-0.0017706476530005948,0.024052166321073886,0.04,true,false
1,55_64|man|high_school,1,0.023047074620869603,0.03,0.0,0.04395188308745095,0.01707070707070707,0.02448621872991621,-0.02090480846658135,0.01292929292929293,-0.02448621872991621,-0.03,true,true
1,55_64|man|high_school,2,0.028263657683067562,0.04,0.06,0.05768845024783337,0.03443850267379679,0.05897237682951969,-0.029424792564765805,0.005561497326203209,0.0010276231704803088,0.019999999999999997,true,false
1,55_64|man|high_school,3,0.196176532406478,0.2,0.28,0.18855854981702905,0.15955733808674988,0.24095450301332655,0.007617982589448957,0.04044266191325013,0.03904549698667348,0.08000000000000002,true,true
1,55_64|man|high_school,4,0.3309545936592616,0.39,0.42,0.32449325611441965,0.3574064171122995,0.3870251130755332,0.006461337544841961,0.032593582887700534,0.03297488692446676,0.02999999999999997,true,true
1,55_64|man|high_school,5,0.42155814163032324,0.34,0.21,0.3795760185946855,0.41975638740344623,0.2626139546727782,0.04198212303563775,-0.0797563874034462,-0.05261395467277821,-0.13000000000000003,true,false
1,55_64|man|high_school,6,0.0,0.0,0.03,0.005731842138581481,0.011770647653000595,0.025947833678926117,-0.005731842138581481,-0.011770647653000595,0.004052166321073882,0.03,true,false
1,55_64|woman|bachelor,1,0.03930521444519073,0.01,0.01,0.04395188308745095,0.01707070707070707,0.02448621872991621,-0.004646668642260224,-0.007070707070707069,-0.014486218729916211,0.0,true,false
1,55_64|woman|bachelor,2,0.09232396658593829,0.03,0.08,0.05768845024783337,0.03443850267379679,0.05897237682951969,0.034635516338104924,-0.004438502673796793,0.021027623170480313,0.05,true,true
1,55_64|woman|bachelor,3,0.10607228837588341,0.16,0.21,0.18855854981702905,0.15955733808674988,0.24095450301332655,-0.08248626144114564,0.00044266191325012527,-0.030954503013326556,0.04999999999999999,true,false
1,55_64|woman|bachelor,4,0.36726862324045345,0.4,0.42,0.32449325611441965,0.3574064171122995,0.3870251130755332,0.0427753671260338,0.04259358288770054,0.03297488692446676,0.019999999999999962,true,true
1,55_64|woman|bachelor,5,0.3675286898281998,0.4,0.23,0.3795760185946855,0.41975638740344623,0.2626139546727782,-0.012047328766485677,-0.019756387403446207,-0.032613954672778195,-0.17,true,true
1,55_64|woman|bachelor,6,0.027501217524334286,0.0,0.05,0.005731842138581481,0.011770647653000595,0.025947833678926117,0.021769375385752805,-0.011770647653000595,0.024052166321073886,0.05,true,true
1,55_64|woman|college_trades,1,0.0,0.01,0.0,0.04395188308745095,0.01707070707070707,0.02448621872991621,-0.04395188308745095,-0.007070707070707069,-0.02448621872991621,-0.01,true,true
1,55_64|woman|college_trades,2,0.020135549862057747,0.08,0.020202020202020204,0.05768845024783337,0.03443850267379679,0.05897237682951969,-0.03755290038577562,0.04556149732620321,-0.03877035662749949,-0.059797979797979794,true,true
1,55_64|woman|college_trades,3,0.2518087023933733,0.14,0.20202020202020202,0.18855854981702905,0.15955733808674988,0.24095450301332655,0.06325015257634423,-0.019557338086749865,-0.03893430099312453,0.062020202020202,true,true
1,55_64|woman|college_trades,4,0.21413224616568274,0.27,0.45454545454545453,0.32449325611441965,0.3574064171122995,0.3870251130755332,-0.1103610099487369,-0.08740641711229946,0.06752034146992131,0.1845454545454545,true,false
1,55_64|woman|college_trades,5,0.4883208302602977,0.48,0.2828282828282828,0.3795760185946855,0.41975638740344623,0.2626139546727782,0.10874481166561223,0.06024361259655375,0.020214328155504613,-0.19717171717171716,true,false
1,55_64|woman|college_trades,6,0.02560267131858853,0.02,0.04040404040404041,0.005731842138581481,0.011770647653000595,0.025947833678926117,0.01987082918000705,0.008229352346999405,0.01445620672511429,0.020404040404040407,true,true
1,55_64|woman|high_school,1,0.05077982387388039,0.05,0.02,0.04395188308745095,0.01707070707070707,0.02448621872991621,0.00682794078642944,0.03292929292929293,-0.004486218729916211,-0.030000000000000002,true,false
1,55_64|woman|high_school,2,0.0,0.04,0.06,0.05768845024783337,0.03443850267379679,0.05897237682951969,-0.05768845024783337,0.005561497326203209,0.0010276231704803088,0.019999999999999997,true,false
1,55_64|woman|high_school,3,0.21925607605144828,0.19,0.2,0.18855854981702905,0.15955733808674988,0.24095450301332655,0.030697526234419237,0.030442661913250124,-0.04095450301332654,0.010000000000000009,true,true
1,55_64|woman|high_school,4,0.22871557534699136,0.29,0.42,0.32449325611441965,0.3574064171122995,0.3870251130755332,-0.09577768076742829,-0.0674064171122995,0.03297488692446676,0.13,true,false
1,55_64|woman|high_school,5,0.4686250902837012,0.4,0.28,0.3795760185946855,0.41975638740344623,0.2626139546727782,0.08904907168901571,-0.019756387403446207,0.017386045327221822,-0.12,true,false
1,55_64|woman|high_school,6,0.03262343444397877,0.03,0.02,0.005731842138581481,0.011770647653000595,0.025947833678926117,0.02689159230539729,0.018229352346999406,-0.005947833678926116,-0.009999999999999998,true,false
1,65_74|man|above_bachelor,1,0.0,0.0,0.03,0.04395188308745095,0.01707070707070707,0.02448621872991621,-0.04395188308745095,-0.01707070707070707,0.0055137812700837875,0.03,true,false
1,65_74|man|above_bachelor,2,0.050250811941998035,0.02,0.05,0.05768845024783337,0.03443850267379679,0.05897237682951969,-0.007437638305835333,-0.014438502673796792,-0.008972376829519686,0.030000000000000002,true,false
1,65_74|man|above_bachelor,3,0.2884898664549976,0.22,0.23,0.18855854981702905,0.15955733808674988,0.24095450301332655,0.09993131663796853,0.06044266191325012,-0.010954503013326539,0.010000000000000009,true,true
1,65_74|man|above_bachelor,4,0.36709389795242275,0.27,0.29,0.32449325611441965,0.3574064171122995,0.3870251130755332,0.042600641838003106,-0.08740641711229946,-0.09702511307553324,0.019999999999999962,true,true
1,65_74|man|above_bachelor,5,0.24108251301240208,0.48,0.36,0.3795760185946855,0.41975638740344623,0.2626139546727782,-0.1384935055822834,0.06024361259655375,0.09738604532722178,-0.12,true,true
1,65_74|man|above_bachelor,6,0.053082910638179576,0.01,0.04,0.005731842138581481,0.011770647653000595,0.025947833678926117,0.047351068499598095,-0.0017706476530005948,0.014052166321073884,0.03,true,true
1,65_74|man|bachelor,1,0.09945595387783962,0.0,0.04,0.04395188308745095,0.01707070707070707,0.02448621872991621,0.05550407079038867,-0.01707070707070707,0.01551378127008379,0.04,true,true
1,65_74|man|bachelor,2,0.14796873732012789,0.02,0.08,0.05768845024783337,0.03443850267379679,0.05897237682951969,0.09028028707229452,-0.014438502673796792,0.021027623170480313,0.06,true,true
1,65_74|man|bachelor,3,0.2237931225178125,0.1,0.25,0.18855854981702905,0.15955733808674988,0.24095450301332655,0.03523457270078345,-0.05955733808674987,0.009045496986673451,0.15,true,true
1,65_74|man|bachelor,4,0.17256857150249502,0.37,0.41,0.32449325611441965,0.3574064171122995,0.3870251130755332,-0.15192468461192463,0.012593582887700516,0.022974886924466753,0.03999999999999998,true,false
1,65_74|man|bachelor,5,0.356213614781725,0.49,0.2,0.3795760185946855,0.41975638740344623,0.2626139546727782,-0.02336240381296051,0.07024361259655376,-0.0626139546727782,-0.29,true,true
1,65_74|man|bachelor,6,0.0,0.02,0.02,0.005731842138581481,0.011770647653000595,0.025947833678926117,-0.005731842138581481,0.008229352346999405,-0.005947833678926116,0.0,true,false
1,65_74|man|college_trades,1,0.04264264550522148,0.0,0.02,0.04395188308745095,0.01707070707070707,0.02448621872991621,-0.0013092375822294708,-0.01707070707070707,-0.004486218729916211,0.02,true,false
1,65_74|man|college_trades,2,0.036218155490362426,0.02,0.04,0.05768845024783337,0.03443850267379679,0.05897237682951969,-0.02147029475747094,-0.014438502673796792,-0.018972376829519688,0.02,true,false
1,65_74|man|college_trades,3,0.1471421945900278,0.18,0.23,0.18855854981702905,0.15955733808674988,0.24095450301332655,-0.04141635522700124,0.020442661913250115,-0.010954503013326539,0.05000000000000002,true,false
1,65_74|man|college_trades,4,0.44247971564389005,0.39,0.39,0.32449325611441965,0.3574064171122995,0.3870251130755332,0.1179864595294704,0.032593582887700534,0.002974886924466791,0.0,true,false
1,65_74|man|college_trades,5,0.3315172887704982,0.41,0.3,0.3795760185946855,0.41975638740344623,0.2626139546727782,-0.048058729824187296,-0.009756387403446254,0.037386045327221784,-0.10999999999999999,true,true
1,65_74|man|college_trades,6,0.0,0.0,0.02,0.005731842138581481,0.011770647653000595,0.025947833678926117,-0.005731842138581481,-0.011770647653000595,-0.005947833678926116,0.02,true,false
1,65_74|man|high_school,1,0.021906108906122337,0.01,0.06,0.04395188308745095,0.01707070707070707,0.02448621872991621,-0.022045774181328616,-0.007070707070707069,0.03551378127008378,0.049999999999999996,true,false
1,65_74|man|high_school,2,0.032849470700038526,0.02,0.08,0.05768845024783337,0.03443850267379679,0.05897237682951969,-0.02483897954779484,-0.014438502673796792,0.021027623170480313,0.06,true,false
1,65_74|man|high_school,3,0.2755405770084057,0.15,0.24,0.18855854981702905,0.15955733808674988,0.24095450301332655,0.08698202719137663,-0.009557338086749884,-0.0009545030133265575,0.09,true,true
1,65_74|man|high_school,4,0.23071340108368674,0.34,0.37,0.32449325611441965,0.3574064171122995,0.3870251130755332,-0.09377985503073291,-0.017406417112299455,-0.017025113075533227,0.02999999999999997,true,false
1,65_74|man|high_school,5,0.4389904423017467,0.47,0.24,0.3795760185946855,0.41975638740344623,0.2626139546727782,0.05941442370706124,0.050243612596553744,-0.022613954672778214,-0.22999999999999998,true,false
1,65_74|man|high_school,6,0.0,0.01,0.01,0.005731842138581481,0.011770647653000595,0.025947833678926117,-0.005731842138581481,-0.0017706476530005948,-0.015947833678926118,0.0,true,false
1,65_74|woman|above_bachelor,1,0.04651539453112798,0.02,0.03,0.04395188308745095,0.01707070707070707,0.02448621872991621,0.00256351144367703,0.002929292929292931,0.0055137812700837875,0.009999999999999998,true,true
1,65_74|woman|above_bachelor,2,0.0,0.02,0.05,0.05768845024783337,0.03443850267379679,0.05897237682951969,-0.05768845024783337,-0.014438502673796792,-0.008972376829519686,0.030000000000000002,true,false
1,65_74|woman|above_bachelor,3,0.2330280878568278,0.2,0.25,0.18855854981702905,0.15955733808674988,0.24095450301332655,0.04446953803979875,0.04044266191325013,0.009045496986673451,0.04999999999999999,true,true
1,65_74|woman|above_bachelor,4,0.3181029834209011,0.29,0.38,0.32449325611441965,0.3574064171122995,0.3870251130755332,-0.0063902726935185505,-0.0674064171122995,-0.007025113075533218,0.09000000000000002,true,false
1,65_74|woman|above_bachelor,5,0.4023535341911431,0.46,0.28,0.3795760185946855,0.41975638740344623,0.2626139546727782,0.02277751559645763,0.04024361259655379,0.017386045327221822,-0.18,true,false
1,65_74|woman|above_bachelor,6,0.0,0.01,0.01,0.005731842138581481,0.011770647653000595,0.025947833678926117,-0.005731842138581481,-0.0017706476530005948,-0.015947833678926118,0.0,true,false
1,65_74|woman|bachelor,1,0.06065127183179556,0.0,0.03,0.04395188308745095,0.01707070707070707,0.02448621872991621,0.01669938874434461,-0.01707070707070707,0.0055137812700837875,0.03,true,true
1,65_74|woman|bachelor,2,0.03027636585875853,0.01,0.04,0.05768845024783337,0.03443850267379679,0.05897237682951969,-0.027412084389074838,-0.02443850267379679,-0.018972376829519688,0.03,true,false
1,65_74|woman|bachelor,3,0.15935470955612735,0.19,0.2,0.18855854981702905,0.15955733808674988,0.24095450301332655,-0.029203840260901698,0.030442661913250124,-0.04095450301332654,0.010000000000000009,true,false
1,65_74|woman|bachelor,4,0.38282524472990254,0.36,0.34,0.32449325611441965,0.3574064171122995,0.3870251130755332,0.05833198861548289,0.0025935828877005074,-0.0470251130755332,-0.019999999999999962,true,false
1,65_74|woman|bachelor,5,0.36689240802341605,0.42,0.36,0.3795760185946855,0.41975638740344623,0.2626139546727782,-0.012683610571269432,0.000243612596553755,0.09738604532722178,-0.06,true,true
1,65_74|woman|bachelor,6,0.0,0.02,0.03,0.005731842138581481,0.011770647653000595,0.025947833678926117,-0.005731842138581481,0.008229352346999405,0.004052166321073882,0.009999999999999998,true,false
1,65_74|woman|college_trades,1,0.03220662033805679,0.0,0.020202020202020204,0.04395188308745095,0.01707070707070707,0.02448621872991621,-0.011745262749394164,-0.01707070707070707,-0.004284198527896008,0.020202020202020204,true,false
1,65_74|woman|college_trades,2,0.10508566767852277,0.03,0.050505050505050504,0.05768845024783337,0.03443850267379679,0.05897237682951969,0.047397217430689406,-0.004438502673796793,-0.008467326324469185,0.020505050505050505,true,true
1,65_74|woman|college_trades,3,0.1660779059329494,0.14,0.2222222222222222,0.18855854981702905,0.15955733808674988,0.24095450301332655,-0.022480643884079637,-0.019557338086749865,-0.01873228079110434,0.0822222222222222,true,false
1,65_74|woman|college_trades,4,0.36843852664253846,0.34,0.3939393939393939,0.32449325611441965,0.3574064171122995,0.3870251130755332,0.04394527052811881,-0.017406417112299455,0.0069142808638607,0.0539393939393939,true,true
1,65_74|woman|college_trades,5,0.3281912794079325,0.47,0.30303030303030304,0.3795760185946855,0.41975638740344623,0.2626139546727782,-0.05138473918675296,0.050243612596553744,0.040416348357524834,-0.16696969696969693,true,true
1,65_74|woman|college_trades,6,0.0,0.02,0.010101010101010102,0.005731842138581481,0.011770647653000595,0.025947833678926117,-0.005731842138581481,0.008229352346999405,-0.015846823577916017,-0.009898989898989899,true,true
1,65_74|woman|high_school,1,0.09820585674108903,0.04,0.030612244897959183,0.04395188308745095,0.01707070707070707,0.02448621872991621,0.05425397365363808,0.02292929292929293,0.006126026168042972,-0.009387755102040818,true,false
1,65_74|woman|high_school,2,0.11069908096992152,0.03,0.05102040816326531,0.05768845024783337,0.03443850267379679,0.05897237682951969,0.053010630722088156,-0.004438502673796793,-0.007951968666254382,0.02102040816326531,true,true
1,65_74|woman|high_school,3,0.13360418215849906,0.12,0.14285714285714285,0.18855854981702905,0.15955733808674988,0.24095450301332655,-0.054954367658529985,-0.03955733808674988,-0.0980973601561837,0.022857142857142854,true,false
1,65_74|woman|high_school,4,0.2783770945244916,0.31,0.32653061224489793,0.32449325611441965,0.3574064171122995,0.3870251130755332,-0.04611616158992804,-0.04740641711229948,-0.06049450083063529,0.016530612244897935,true,false
1,65_74|woman|high_school,5,0.3791137856059988,0.48,0.42857142857142855,0.3795760185946855,0.41975638740344623,0.2626139546727782,-0.00046223298868669493,0.06024361259655375,0.16595747389865034,-0.051428571428571435,true,true
1,65_74|woman|high_school,6,0.0,0.02,0.02040816326530612,0.005731842138581481,0.011770647653000595,0.025947833678926117,-0.005731842138581481,0.008229352346999405,-0.005539670413619996,0.0004081632653061204,true,false
4,18_24|woman|bachelor,1,0.053697407623378275,0.05,0.0,0.060484779427289116,0.11093023255813955,0.050547333803147756,-0.006787371803910841,-0.06093023255813955,-0.050547333803147756,-0.05,true,true
4,18_24|woman|bachelor,2,0.057945355782312725,0.3,0.25,0.1549193319506433,0.40720930232558145,0.3570918487197557,-0.09697397616833059,-0.10720930232558146,-0.10709184871975569,-0.04999999999999999,true,true
4,18_24|woman|bachelor,3,0.888357236594309,0.64,0.75,0.7325358725848217,0.4411627906976744,0.5571646699553676,0.15582136400948732,0.19883720930232562,0.19283533004463238,0.10999999999999999,true,true
4,18_24|woman|bachelor,4,0.0,0.01,0.0,0.052060016037245936,0.040697674418604654,0.03519614752172892,-0.052060016037245936,-0.030697674418604652,-0.03519614752172892,-0.01,true,true
4,25_34|man|above_bachelor,1,0.2741018824055243,0.08,0.06,0.060484779427289116,0.11093023255813955,0.050547333803147756,0.2136171029782352,-0.03093023255813955,0.009452666196852241,-0.020000000000000004,true,false
4,25_34|man|above_bachelor,2,0.0,0.35,0.3,0.1549193319506433,0.40720930232558145,0.3570918487197557,-0.1549193319506433,-0.05720930232558147,-0.0570918487197557,-0.04999999999999999,true,true
4,25_34|man|above_bachelor,3,0.6587016090150396,0.53,0.6,0.7325358725848217,0.4411627906976744,0.5571646699553676,-0.07383426356978207,0.08883720930232564,0.04283533004463236,0.06999999999999995,true,false
4,25_34|man|above_bachelor,4,0.06719650857943613,0.04,0.04,0.052060016037245936,0.040697674418604654,0.03519614752172892,0.01513649254219019,-0.0006976744186046532,0.00480385247827108,0.0,true,false
4,25_34|man|bachelor,1,0.050212079478832966,0.07,0.0,0.060484779427289116,0.11093023255813955,0.050547333803147756,-0.01027269994845615,-0.040930232558139545,-0.050547333803147756,-0.07,true,true
4,25_34|man|bachelor,2,0.2720613615561198,0.4,0.32,0.1549193319506433,0.40720930232558145,0.3570918487197557,0.11714202960547651,-0.007209302325581424,-0.03709184871975568,-0.08000000000000002,true,false
4,25_34|man|bachelor,3,0.6448059168763499,0.5,0.64,0.7325358725848217,0.4411627906976744,0.5571646699553676,-0.08772995570847175,0.05883720930232561,0.0828353300446324,0.14,true,false
4,25_34|man|bachelor,4,0.03292064208869733,0.03,0.04,0.052060016037245936,0.040697674418604654,0.03519614752172892,-0.01913937394854861,-0.010697674418604655,0.00480385247827108,0.010000000000000002,true,false
4,25_34|woman|above_bachelor,1,0.0,0.08,0.03,0.060484779427289116,0.11093023255813955,0.050547333803147756,-0.060484779427289116,-0.03093023255813955,-0.020547333803147758,-0.05,true,true
4,25_34|woman|above_bachelor,2,0.14868724588658652,0.44,0.23,0.1549193319506433,0.40720930232558145,0.3570918487197557,-0.0062320860640567854,0.032790697674418556,-0.12709184871975568,-0.21,true,true
4,25_34|woman|above_bachelor,3,0.8513127541134135,0.48,0.74,0.7325358725848217,0.4411627906976744,0.5571646699553676,0.11877688152859178,0.03883720930232559,0.18283533004463237,0.26,true,true
4,25_34|woman|above_bachelor,4,0.0,0.0,0.0,0.052060016037245936,0.040697674418604654,0.03519614752172892,-0.052060016037245936,-0.040697674418604654,-0.03519614752172892,0.0,true,false
4,25_34|woman|bachelor,1,0.031121266662062056,0.09,0.04,0.060484779427289116,0.11093023255813955,0.050547333803147756,-0.02936351276522706,-0.020930232558139555,-0.010547333803147756,-0.049999999999999996,true,true
4,25_34|woman|bachelor,2,0.144010465695451,0.33,0.32,0.1549193319506433,0.40720930232558145,0.3570918487197557,-0.010908866255192301,-0.07720930232558143,-0.03709184871975568,-0.010000000000000009,true,true
4,25_34|woman|bachelor,3,0.8096335062182275,0.53,0.59,0.7325358725848217,0.4411627906976744,0.5571646699553676,0.07709763363340583,0.08883720930232564,0.03283533004463235,0.05999999999999994,true,true
4,25_34|woman|bachelor,4,0.015234761424259457,0.05,0.05,0.052060016037245936,0.040697674418604654,0.03519614752172892,-0.03682525461298648,0.009302325581395349,0.014803852478271082,0.0,true,false
4,25_34|woman|college_trades,1,0.0,0.08,0.02,0.060484779427289116,0.11093023255813955,0.050547333803147756,-0.060484779427289116,-0.03093023255813955,-0.030547333803147756,-0.06,true,true
4,25_34|woman|college_trades,2,0.07627629534250221,0.35,0.35,0.1549193319506433,0.40720930232558145,0.3570918487197557,-0.07864303660814109,-0.05720930232558147,-0.007091848719755711,0.0,true,false
4,25_34|woman|college_trades,3,0.9237237046574978,0.55,0.62,0.7325358725848217,0.4411627906976744,0.5571646699553676,0.1911878320726761,0.10883720930232565,0.06283533004463238,0.06999999999999995,true,true
4,25_34|woman|college_trades,4,0.0,0.02,0.01,0.052060016037245936,0.040697674418604654,0.03519614752172892,-0.052060016037245936,-0.020697674418604654,-0.02519614752172892,-0.01,true,true
4,25_34|woman|high_school,1,0.06665022618724385,0.13,0.08,0.060484779427289116,0.11093023255813955,0.050547333803147756,0.006165446759954736,0.019069767441860452,0.029452666196852245,-0.05,true,false
4,25_34|woman|high_school,2,0.08045840722706006,0.39,0.36,0.1549193319506433,0.40720930232558145,0.3570918487197557,-0.07446092472358325,-0.017209302325581433,0.0029081512802442977,-0.030000000000000027,true,true
4,25_34|woman|high_school,3,0.8528913665856961,0.43,0.51,0.7325358725848217,0.4411627906976744,0.5571646699553676,0.12035549400087442,-0.011162790697674396,-0.04716466995536761,0.08000000000000002,true,true
4,25_34|woman|high_school,4,0.0,0.05,0.05,0.052060016037245936,0.040697674418604654,0.03519614752172892,-0.052060016037245936,0.009302325581395349,0.014803852478271082,0.0,true,false
4,35_44|man|above_bachelor,1,0.34018911695598253,0.11,0.06060606060606061,0.060484779427289116,0.11093023255813955,0.050547333803147756,0.2797043375286934,-0.0009302325581395515,0.010058726802912851,-0.04939393939393939,true,false
4,35_44|man|above_bachelor,2,0.14391357383270797,0.36,0.4444444444444444,0.1549193319506433,0.40720930232558145,0.3570918487197557,-0.011005758117935333,-0.04720930232558146,0.08735259572468873,0.08444444444444443,true,false
4,35_44|man|above_bachelor,3,0.4439405222949555,0.51,0.45454545454545453,0.7325358725848217,0.4411627906976744,0.5571646699553676,-0.28859535028986616,0.06883720930232562,-0.10261921540991309,-0.05545454545454548,true,true
4,35_44|man|above_bachelor,4,0.07195678691635399,0.02,0.04040404040404041,0.052060016037245936,0.040697674418604654,0.03519614752172892,0.01989677087910805,-0.020697674418604654,0.0052078928823114864,0.020404040404040407,true,true
4,35_44|man|bachelor,1,0.022504737591247357,0.07,0.050505050505050504,0.060484779427289116,0.11093023255813955,0.050547333803147756,-0.037980041836041756,-0.040930232558139545,-0.00004228329809725234,-0.019494949494949503,true,true
4,35_44|man|bachelor,2,0.21720107172278216,0.36,0.3939393939393939,0.1549193319506433,0.40720930232558145,0.3570918487197557,0.062281739772138855,-0.04720930232558146,0.036847545219638234,0.033939393939393936,true,true
4,35_44|man|bachelor,3,0.7022410399366414,0.52,0.45454545454545453,0.7325358725848217,0.4411627906976744,0.5571646699553676,-0.030294832648180225,0.07883720930232563,-0.10261921540991309,-0.06545454545454549,true,true
4,35_44|man|bachelor,4,0.058053150749329,0.05,0.10101010101010101,0.052060016037245936,0.040697674418604654,0.03519614752172892,0.005993134712083063,0.009302325581395349,0.06581395348837209,0.051010101010101006,true,true
4,35_44|man|college_trades,1,0.04689427374989257,0.08,0.06,0.060484779427289116,0.11093023255813955,0.050547333803147756,-0.013590505677396544,-0.03093023255813955,0.009452666196852241,-0.020000000000000004,true,true
4,35_44|man|college_trades,2,0.20770574669557001,0.4,0.34,0.1549193319506433,0.40720930232558145,0.3570918487197557,0.05278641474492671,-0.007209302325581424,-0.017091848719755665,-0.06,true,false
4,35_44|man|college_trades,3,0.6885093894237075,0.48,0.53,0.7325358725848217,0.4411627906976744,0.5571646699553676,-0.04402648316111413,0.03883720930232559,-0.027164669955367593,0.050000000000000044,true,false
4,35_44|man|college_trades,4,0.0568905901308299,0.04,0.07,0.052060016037245936,0.040697674418604654,0.03519614752172892,0.004830574093583964,-0.0006976744186046532,0.034803852478271086,0.030000000000000006,true,true
4,35_44|man|high_school,1,0.0,0.12,0.07,0.060484779427289116,0.11093023255813955,0.050547333803147756,-0.060484779427289116,0.009069767441860443,0.01945266619685225,-0.04999999999999999,true,true
4,35_44|man|high_school,2,0.0,0.38,0.53,0.1549193319506433,0.40720930232558145,0.3570918487197557,-0.1549193319506433,-0.02720930232558144,0.17290815128024434,0.15000000000000002,true,false
4,35_44|man|high_school,3,0.8998031012893281,0.45,0.38,0.7325358725848217,0.4411627906976744,0.5571646699553676,0.1672672287045064,0.008837209302325622,-0.17716466995536762,-0.07,true,false
4,35_44|man|high_school,4,0.10019689871067192,0.05,0.02,0.052060016037245936,0.040697674418604654,0.03519614752172892,0.04813688267342598,0.009302325581395349,-0.01519614752172892,-0.030000000000000002,true,false
4,35_44|woman|above_bachelor,1,0.03791968241056376,0.01,0.06,0.060484779427289116,0.11093023255813955,0.050547333803147756,-0.022565097016725356,-0.10093023255813956,0.009452666196852241,0.049999999999999996,true,false
4,35_44|woman|above_bachelor,2,0.21744876866806592,0.37,0.31,0.1549193319506433,0.40720930232558145,0.3570918487197557,0.06252943671742262,-0.03720930232558145,-0.04709184871975569,-0.06,true,false
4,35_44|woman|above_bachelor,3,0.7446315489213703,0.61,0.62,0.7325358725848217,0.4411627906976744,0.5571646699553676,0.012095676336548622,0.1688372093023256,0.06283533004463238,0.010000000000000009,true,true
4,35_44|woman|above_bachelor,4,0.0,0.01,0.01,0.052060016037245936,0.040697674418604654,0.03519614752172892,-0.052060016037245936,-0.030697674418604652,-0.02519614752172892,0.0,true,false
4,35_44|woman|bachelor,1,0.0,0.06,0.0,0.060484779427289116,0.11093023255813955,0.050547333803147756,-0.060484779427289116,-0.050930232558139554,-0.050547333803147756,-0.06,true,true
4,35_44|woman|bachelor,2,0.13354373968160124,0.35,0.37,0.1549193319506433,0.40720930232558145,0.3570918487197557,-0.021375592269042065,-0.05720930232558147,0.012908151280244307,0.020000000000000018,true,false
4,35_44|woman|bachelor,3,0.821516508079868,0.57,0.58,0.7325358725848217,0.4411627906976744,0.5571646699553676,0.08898063549504631,0.12883720930232556,0.02283533004463234,0.010000000000000009,true,true
4,35_44|woman|bachelor,4,0.04493975223853072,0.02,0.05,0.052060016037245936,0.040697674418604654,0.03519614752172892,-0.007120263798715214,-0.020697674418604654,0.014803852478271082,0.030000000000000002,true,false
4,35_44|woman|college_trades,1,0.03329079808110139,0.02,0.02,0.060484779427289116,0.11093023255813955,0.050547333803147756,-0.027193981346187723,-0.09093023255813955,-0.030547333803147756,0.0,true,false
4,35_44|woman|college_trades,2,0.12730372063942424,0.47,0.4,0.1549193319506433,0.40720930232558145,0.3570918487197557,-0.027615611311219063,0.06279069767441853,0.04290815128024433,-0.06999999999999995,true,true
4,35_44|woman|college_trades,3,0.7854345673520914,0.47,0.54,0.7325358725848217,0.4411627906976744,0.5571646699553676,0.052898694767269716,0.028837209302325584,-0.017164669955367584,0.07000000000000006,true,true
4,35_44|woman|college_trades,4,0.053970913927383006,0.04,0.04,0.052060016037245936,0.040697674418604654,0.03519614752172892,0.00191089789013707,-0.0006976744186046532,0.00480385247827108,0.0,true,false
4,35_44|woman|high_school,1,0.10283852569695011,0.05,0.08,0.060484779427289116,0.11093023255813955,0.050547333803147756,0.04235374626966099,-0.06093023255813955,0.029452666196852245,0.03,true,true
4,35_44|woman|high_school,2,0.23418222362342034,0.43,0.38,0.1549193319506433,0.40720930232558145,0.3570918487197557,0.07926289167277703,0.022790697674418547,0.022908151280244315,-0.04999999999999999,true,false
4,35_44|woman|high_school,3,0.5076472748606051,0.46,0.47,0.7325358725848217,0.4411627906976744,0.5571646699553676,-0.22488859772421654,0.01883720930232563,-0.08716466995536765,0.009999999999999953,true,false
4,35_44|woman|high_school,4,0.15533197581902441,0.06,0.07,0.052060016037245936,0.040697674418604654,0.03519614752172892,0.10327195978177847,0.019302325581395344,0.034803852478271086,0.010000000000000009,true,true
4,45_54|man|above_bachelor,1,0.06414664794945335,0.04,0.05,0.060484779427289116,0.11093023255813955,0.050547333803147756,0.003661868522164234,-0.07093023255813954,-0.0005473338031477537,0.010000000000000002,true,true
4,45_54|man|above_bachelor,2,0.20951230688772107,0.42,0.42,0.1549193319506433,0.40720930232558145,0.3570918487197557,0.054592974937077765,0.012790697674418539,0.0629081512802443,0.0,true,false
4,45_54|man|above_bachelor,3,0.614045268569103,0.49,0.5,0.7325358725848217,0.4411627906976744,0.5571646699553676,-0.11849060401571865,0.0488372093023256,-0.05716466995536762,0.010000000000000009,true,false
4,45_54|man|above_bachelor,4,0.11229577659372253,0.05,0.03,0.052060016037245936,0.040697674418604654,0.03519614752172892,0.06023576055647659,0.009302325581395349,-0.005196147521728922,-0.020000000000000004,true,false
4,45_54|man|bachelor,1,0.0,0.15,0.04040404040404041,0.060484779427289116,0.11093023255813955,0.050547333803147756,-0.060484779427289116,0.03906976744186044,-0.010143293399107349,-0.10959595959595958,true,true
4,45_54|man|bachelor,2,0.16892266161778965,0.4,0.31313131313131315,0.1549193319506433,0.40720930232558145,0.3570918487197557,0.014003329667146347,-0.007209302325581424,-0.04396053558844254,-0.08686868686868687,true,false
4,45_54|man|bachelor,3,0.7406549448448034,0.43,0.6060606060606061,0.7325358725848217,0.4411627906976744,0.5571646699553676,0.008119072259981763,-0.011162790697674396,0.04889593610523846,0.17606060606060608,true,true
4,45_54|man|bachelor,4,0.09042239353740686,0.02,0.04040404040404041,0.052060016037245936,0.040697674418604654,0.03519614752172892,0.03836237750016092,-0.020697674418604654,0.0052078928823114864,0.020404040404040407,true,true
4,45_54|man|college_trades,1,0.03177744938426596,0.08,0.08,0.060484779427289116,0.11093023255813955,0.050547333803147756,-0.028707330043023158,-0.03093023255813955,0.029452666196852245,0.0,true,false
4,45_54|man|college_trades,2,0.241181942545266,0.47,0.37,0.1549193319506433,0.40720930232558145,0.3570918487197557,0.0862626105946227,0.06279069767441853,0.012908151280244307,-0.09999999999999998,true,false
4,45_54|man|college_trades,3,0.5102042071245524,0.41,0.51,0.7325358725848217,0.4411627906976744,0.5571646699553676,-0.22233166546026928,-0.031162790697674414,-0.04716466995536761,0.10000000000000003,true,false
4,45_54|man|college_trades,4,0.21683640094591558,0.04,0.04,0.052060016037245936,0.040697674418604654,0.03519614752172892,0.16477638490866964,-0.0006976744186046532,0.00480385247827108,0.0,true,false
4,45_54|man|high_school,1,0.16255970610704187,0.14,0.1,0.060484779427289116,0.11093023255813955,0.050547333803147756,0.10207492667975276,0.02906976744186046,0.04945266619685225,-0.04000000000000001,true,false
4,45_54|man|high_school,2,0.10548170695170335,0.39,0.37,0.1549193319506433,0.40720930232558145,0.3570918487197557,-0.04943762499893996,-0.017209302325581433,0.012908151280244307,-0.020000000000000018,true,true
4,45_54|man|high_school,3,0.6482762830612605,0.39,0.48,0.7325358725848217,0.4411627906976744,0.5571646699553676,-0.08425958952356116,-0.051162790697674376,-0.07716466995536764,0.08999999999999997,true,false
4,45_54|man|high_school,4,0.08368230387999422,0.08,0.05,0.052060016037245936,0.040697674418604654,0.03519614752172892,0.03162228784274828,0.03930232558139535,0.014803852478271082,-0.03,true,false
4,45_54|woman|above_bachelor,1,0.09630135046995401,0.07,0.020202020202020204,0.060484779427289116,0.11093023255813955,0.050547333803147756,0.0358165710426649,-0.040930232558139545,-0.030345313601127553,-0.0497979797979798,true,false
4,45_54|woman|above_bachelor,2,0.15434502326038424,0.35,0.29292929292929293,0.1549193319506433,0.40720930232558145,0.3570918487197557,-0.0005743086902590677,-0.05720930232558147,-0.06416255579046276,-0.05707070707070705,true,true
4,45_54|woman|above_bachelor,3,0.7006839488967931,0.54,0.6464646464646465,0.7325358725848217,0.4411627906976744,0.5571646699553676,-0.03185192368802858,0.09883720930232565,0.0892999765092789,0.10646464646464648,true,false
4,45_54|woman|above_bachelor,4,0.04866967737286869,0.04,0.04040404040404041,0.052060016037245936,0.040697674418604654,0.03519614752172892,-0.0033903386643772473,-0.0006976744186046532,0.0052078928823114864,0.00040404040404040664,true,false
4,45_54|woman|bachelor,1,0.06448642322906949,0.03,0.02,0.060484779427289116,0.11093023255813955,0.050547333803147756,0.0040016438017803704,-0.08093023255813955,-0.030547333803147756,-0.009999999999999998,true,false
4,45_54|woman|bachelor,2,0.15026025754907976,0.38,0.35,0.1549193319506433,0.40720930232558145,0.3570918487197557,-0.0046590744015635455,-0.02720930232558144,-0.007091848719755711,-0.030000000000000027,true,true
4,45_54|woman|bachelor,3,0.7677489252322937,0.57,0.59,0.7325358725848217,0.4411627906976744,0.5571646699553676,0.03521305264747199,0.12883720930232556,0.03283533004463235,0.020000000000000018,true,true
4,45_54|woman|bachelor,4,0.017504393989557106,0.02,0.04,0.052060016037245936,0.040697674418604654,0.03519614752172892,-0.03455562204768883,-0.020697674418604654,0.00480385247827108,0.02,true,false
4,45_54|woman|college_trades,1,0.1596265606878832,0.08,0.06060606060606061,0.060484779427289116,0.11093023255813955,0.050547333803147756,0.09914178126059409,-0.03093023255813955,0.010058726802912851,-0.019393939393939394,true,false
4,45_54|woman|college_trades,2,0.13467149717593452,0.46,0.3838383838383838,0.1549193319506433,0.40720930232558145,0.3570918487197557,-0.02024783477470879,0.052790697674418574,0.026746535118628123,-0.07616161616161621,true,true
4,45_54|woman|college_trades,3,0.6865949727337323,0.43,0.494949494949495,0.7325358725848217,0.4411627906976744,0.5571646699553676,-0.0459408998510894,-0.011162790697674396,-0.06221517500587265,0.06494949494949498,true,false
4,45_54|woman|college_trades,4,0.019106969402450016,0.03,0.06060606060606061,0.052060016037245936,0.040697674418604654,0.03519614752172892,-0.032953046634795924,-0.010697674418604655,0.025409913084331687,0.03060606060606061,true,false
4,45_54|woman|high_school,1,0.12407822727751788,0.14,0.13,0.060484779427289116,0.11093023255813955,0.050547333803147756,0.06359344785022877,0.02906976744186046,0.07945266619685225,-0.010000000000000009,true,false
4,45_54|woman|high_school,2,0.06854264911062895,0.41,0.42,0.1549193319506433,0.40720930232558145,0.3570918487197557,-0.08637668284001436,0.0027906976744185297,0.0629081512802443,0.010000000000000009,true,false
4,45_54|woman|high_school,3,0.7517013119671965,0.42,0.42,0.7325358725848217,0.4411627906976744,0.5571646699553676,0.019165439382374805,-0.021162790697674405,-0.13716466995536764,0.0,true,false
4,45_54|woman|high_school,4,0.055677811644656745,0.03,0.03,0.052060016037245936,0.040697674418604654,0.03519614752172892,0.003617795607410809,-0.010697674418604655,-0.005196147521728922,0.0,true,false
4,55_64|man|above_bachelor,1,0.034283218593533164,0.11,0.03,0.060484779427289116,0.11093023255813955,0.050547333803147756,-0.026201560833755952,-0.0009302325581395515,-0.020547333803147758,-0.08,true,true
4,55_64|man|above_bachelor,2,0.0825669153171636,0.41,0.33,0.1549193319506433,0.40720930232558145,0.3570918487197557,-0.0723524166334797,0.0027906976744185297,-0.027091848719755673,-0.07999999999999996,true,true
4,55_64|man|above_bachelor,3,0.8831498660893032,0.44,0.64,0.7325358725848217,0.4411627906976744,0.5571646699553676,0.15061399350448157,-0.0011627906976743874,0.0828353300446324,0.2,true,true
4,55_64|man|above_bachelor,4,0.0,0.04,0.0,0.052060016037245936,0.040697674418604654,0.03519614752172892,-0.052060016037245936,-0.0006976744186046532,-0.03519614752172892,-0.04,true,true
4,55_64|man|bachelor,1,0.07070049532504293,0.08,0.02,0.060484779427289116,0.11093023255813955,0.050547333803147756,0.010215715897753809,-0.03093023255813955,-0.030547333803147756,-0.06,true,false
4,55_64|man|bachelor,2,0.24216447014720247,0.43,0.3,0.1549193319506433,0.40720930232558145,0.3570918487197557,0.08724513819655916,0.022790697674418547,-0.0570918487197557,-0.13,true,false
4,55_64|man|bachelor,3,0.6650713432469278,0.44,0.65,0.7325358725848217,0.4411627906976744,0.5571646699553676,-0.06746452933789382,-0.0011627906976743874,0.0928353300446324,0.21000000000000002,true,false
4,55_64|man|bachelor,4,0.02206369128082682,0.05,0.03,0.052060016037245936,0.040697674418604654,0.03519614752172892,-0.029996324756419116,0.009302325581395349,-0.005196147521728922,-0.020000000000000004,true,true
4,55_64|man|college_trades,1,0.07318736203871687,0.17,0.0707070707070707,0.060484779427289116,0.11093023255813955,0.050547333803147756,0.012702582611427753,0.05906976744186046,0.020159736903922948,-0.09929292929292931,true,false
4,55_64|man|college_trades,2,0.30015138202365726,0.55,0.2828282828282828,0.1549193319506433,0.40720930232558145,0.3570918487197557,0.14523205007301396,0.1427906976744186,-0.07426356589147287,-0.2671717171717172,true,false
4,55_64|man|college_trades,3,0.5604309619870808,0.24,0.6060606060606061,0.7325358725848217,0.4411627906976744,0.5571646699553676,-0.1721049105977409,-0.2011627906976744,0.04889593610523846,0.3660606060606061,true,false
4,55_64|man|college_trades,4,0.06623029395054514,0.04,0.04040404040404041,0.052060016037245936,0.040697674418604654,0.03519614752172892,0.014170277913299202,-0.0006976744186046532,0.0052078928823114864,0.00040404040404040664,true,true
4,55_64|man|high_school,1,0.04631533183506984,0.15,0.06,0.060484779427289116,0.11093023255813955,0.050547333803147756,-0.014169447592219275,0.03906976744186044,0.009452666196852241,-0.09,true,true
4,55_64|man|high_school,2,0.22431692121290017,0.5,0.4,0.1549193319506433,0.40720930232558145,0.3570918487197557,0.06939758926225686,0.09279069767441855,0.04290815128024433,-0.09999999999999998,true,false
4,55_64|man|high_school,3,0.6966461181861052,0.32,0.5,0.7325358725848217,0.4411627906976744,0.5571646699553676,-0.035889754398716445,-0.12116279069767438,-0.05716466995536762,0.18,true,false
4,55_64|man|high_school,4,0.032721628765924785,0.03,0.04,0.052060016037245936,0.040697674418604654,0.03519614752172892,-0.01933838727132115,-0.010697674418604655,0.00480385247827108,0.010000000000000002,true,false
4,55_64|woman|above_bachelor,1,0.0,0.04,0.05,0.060484779427289116,0.11093023255813955,0.050547333803147756,-0.060484779427289116,-0.07093023255813954,-0.0005473338031477537,0.010000000000000002,true,false
4,55_64|woman|above_bachelor,2,0.06670094060788108,0.4,0.37,0.1549193319506433,0.40720930232558145,0.3570918487197557,-0.08821839134276223,-0.007209302325581424,0.012908151280244307,-0.030000000000000027,true,true
4,55_64|woman|above_bachelor,3,0.9332990593921189,0.55,0.56,0.7325358725848217,0.4411627906976744,0.5571646699553676,0.2007631868072972,0.10883720930232565,0.0028353300446324337,0.010000000000000009,true,true
4,55_64|woman|above_bachelor,4,0.0,0.01,0.02,0.052060016037245936,0.040697674418604654,0.03519614752172892,-0.052060016037245936,-0.030697674418604652,-0.01519614752172892,0.01,true,false
4,55_64|woman|bachelor,1,0.0,0.07,0.06,0.060484779427289116,0.11093023255813955,0.050547333803147756,-0.060484779427289116,-0.040930232558139545,0.009452666196852241,-0.010000000000000009,true,true
4,55_64|woman|bachelor,2,0.17638739856745808,0.37,0.33,0.1549193319506433,0.40720930232558145,0.3570918487197557,0.021468066616814774,-0.03720930232558145,-0.027091848719755673,-0.03999999999999998,true,false
4,55_64|woman|bachelor,3,0.7181217103287563,0.55,0.59,0.7325358725848217,0.4411627906976744,0.5571646699553676,-0.0144141622560654,0.10883720930232565,0.03283533004463235,0.039999999999999925,true,false
4,55_64|woman|bachelor,4,0.10549089110378561,0.01,0.02,0.052060016037245936,0.040697674418604654,0.03519614752172892,0.05343087506653967,-0.030697674418604652,-0.01519614752172892,0.01,true,true
4,55_64|woman|college_trades,1,0.023696762551516364,0.08,0.02,0.060484779427289116,0.11093023255813955,0.050547333803147756,-0.03678801687577275,-0.03093023255813955,-0.030547333803147756,-0.06,true,true
4,55_64|woman|college_trades,2,0.13428760044069696,0.43,0.42,0.1549193319506433,0.40720930232558145,0.3570918487197557,-0.02063173150994635,0.022790697674418547,0.0629081512802443,-0.010000000000000009,true,true
4,55_64|woman|college_trades,3,0.77439973977045,0.43,0.53,0.7325358725848217,0.4411627906976744,0.5571646699553676,0.04186386718562829,-0.011162790697674396,-0.027164669955367593,0.10000000000000003,true,true
4,55_64|woman|college_trades,4,0.06761589723733677,0.06,0.03,0.052060016037245936,0.040697674418604654,0.03519614752172892,0.015555881200090833,0.019302325581395344,-0.005196147521728922,-0.03,true,false
4,55_64|woman|high_school,1,0.0843786317523331,0.13,0.03,0.060484779427289116,0.11093023255813955,0.050547333803147756,0.023893852325043978,0.019069767441860452,-0.020547333803147758,-0.1,true,false
4,55_64|woman|high_school,2,0.23687519750237188,0.52,0.33,0.1549193319506433,0.40720930232558145,0.3570918487197557,0.08195586555172857,0.11279069767441857,-0.027091848719755673,-0.19,true,false
4,55_64|woman|high_school,3,0.6436838997192048,0.3,0.63,0.7325358725848217,0.4411627906976744,0.5571646699553676,-0.08885197286561686,-0.1411627906976744,0.07283533004463238,0.33,true,false
4,55_64|woman|high_school,4,0.03506227102609019,0.05,0.01,0.052060016037245936,0.040697674418604654,0.03519614752172892,-0.016997745011155745,0.009302325581395349,-0.02519614752172892,-0.04,true,true
4,65_74|man|above_bachelor,1,0.029282811685207896,0.1,0.08,0.060484779427289116,0.11093023255813955,0.050547333803147756,-0.03120196774208122,-0.010930232558139547,0.029452666196852245,-0.020000000000000004,true,true
4,65_74|man|above_bachelor,2,0.22267689126910573,0.43,0.23,0.1549193319506433,0.40720930232558145,0.3570918487197557,0.06775755931846242,0.022790697674418547,-0.12709184871975568,-0.19999999999999998,true,false
4,65_74|man|above_bachelor,3,0.7217000279687248,0.45,0.64,0.7325358725848217,0.4411627906976744,0.5571646699553676,-0.010835844616096879,0.008837209302325622,0.0828353300446324,0.19,true,false
4,65_74|man|above_bachelor,4,0.026340269076961652,0.02,0.05,0.052060016037245936,0.040697674418604654,0.03519614752172892,-0.025719746960284284,-0.020697674418604654,0.014803852478271082,0.030000000000000002,true,false
4,65_74|man|bachelor,1,0.01960193170761514,0.11,0.03,0.060484779427289116,0.11093023255813955,0.050547333803147756,-0.04088284771967397,-0.0009302325581395515,-0.020547333803147758,-0.08,true,true
4,65_74|man|bachelor,2,0.08547930687468955,0.37,0.34,0.1549193319506433,0.40720930232558145,0.3570918487197557,-0.06944002507595376,-0.03720930232558145,-0.017091848719755665,-0.02999999999999997,true,true
4,65_74|man|bachelor,3,0.8825093089715439,0.48,0.59,0.7325358725848217,0.4411627906976744,0.5571646699553676,0.14997343638672223,0.03883720930232559,0.03283533004463235,0.10999999999999999,true,true
4,65_74|man|bachelor,4,0.012409452446151388,0.04,0.04,0.052060016037245936,0.040697674418604654,0.03519614752172892,-0.03965056359109455,-0.0006976744186046532,0.00480385247827108,0.0,true,false
4,65_74|man|college_trades,1,0.03420793791928333,0.28,0.07,0.060484779427289116,0.11093023255813955,0.050547333803147756,-0.026276841508005785,0.16906976744186047,0.01945266619685225,-0.21000000000000002,true,true
4,65_74|man|college_trades,2,0.19359504929931026,0.39,0.38,0.1549193319506433,0.40720930232558145,0.3570918487197557,0.038675717348666955,-0.017209302325581433,0.022908151280244315,-0.010000000000000009,true,false
4,65_74|man|college_trades,3,0.7004568514446087,0.29,0.49,0.7325358725848217,0.4411627906976744,0.5571646699553676,-0.03207902114021299,-0.1511627906976744,-0.06716466995536763,0.2,true,false
4,65_74|man|college_trades,4,0.0717401613367978,0.04,0.06,0.052060016037245936,0.040697674418604654,0.03519614752172892,0.01968014529955186,-0.0006976744186046532,0.024803852478271077,0.019999999999999997,true,true
4,65_74|man|high_school,1,0.09097333080457395,0.25,0.1,0.060484779427289116,0.11093023255813955,0.050547333803147756,0.030488551377284838,0.13906976744186045,0.04945266619685225,-0.15,true,false
4,65_74|man|high_school,2,0.18844713566693408,0.4,0.41,0.1549193319506433,0.40720930232558145,0.3570918487197557,0.03352780371629077,-0.007209302325581424,0.05290815128024429,0.009999999999999953,true,true
4,65_74|man|high_school,3,0.670180177909158,0.27,0.48,0.7325358725848217,0.4411627906976744,0.5571646699553676,-0.06235569467566371,-0.17116279069767437,-0.07716466995536764,0.20999999999999996,true,false
4,65_74|man|high_school,4,0.05039935561933397,0.08,0.01,0.052060016037245936,0.040697674418604654,0.03519614752172892,-0.0016606604179119633,0.03930232558139535,-0.02519614752172892,-0.07,true,true
4,65_74|woman|above_bachelor,1,0.0,0.07,0.03,0.060484779427289116,0.11093023255813955,0.050547333803147756,-0.060484779427289116,-0.040930232558139545,-0.020547333803147758,-0.04000000000000001,true,true
4,65_74|woman|above_bachelor,2,0.16568730813581306,0.4,0.28,0.1549193319506433,0.40720930232558145,0.3570918487197557,0.010767976185169753,-0.007209302325581424,-0.07709184871975566,-0.12,true,false
4,65_74|woman|above_bachelor,3,0.8002469413049953,0.49,0.68,0.7325358725848217,0.4411627906976744,0.5571646699553676,0.06771106872017363,0.0488372093023256,0.12283533004463243,0.19000000000000006,true,true
4,65_74|woman|above_bachelor,4,0.03406575055919169,0.04,0.01,0.052060016037245936,0.040697674418604654,0.03519614752172892,-0.017994265478054244,-0.0006976744186046532,-0.02519614752172892,-0.03,true,true
4,65_74|woman|bachelor,1,0.09733023365203157,0.13,0.050505050505050504,0.060484779427289116,0.11093023255813955,0.050547333803147756,0.036845454224742454,0.019069767441860452,-0.00004228329809725234,-0.07949494949494951,true,false
4,65_74|woman|bachelor,2,0.06404074359472114,0.35,0.3838383838383838,0.1549193319506433,0.40720930232558145,0.3570918487197557,-0.09087858835592216,-0.05720930232558147,0.026746535118628123,0.033838383838383834,true,false
4,65_74|woman|bachelor,3,0.8141205053279479,0.49,0.5454545454545454,0.7325358725848217,0.4411627906976744,0.5571646699553676,0.08158463274312622,0.0488372093023256,-0.011710124500822205,0.05545454545454542,true,true
4,65_74|woman|bachelor,4,0.024508517425299425,0.03,0.020202020202020204,0.052060016037245936,0.040697674418604654,0.03519614752172892,-0.02755149861194651,-0.010697674418604655,-0.014994127319708717,-0.009797979797979795,true,true
4,65_74|woman|college_trades,1,0.05236560598691691,0.12,0.02,0.060484779427289116,0.11093023255813955,0.050547333803147756,-0.008119173440372204,0.009069767441860443,-0.030547333803147756,-0.09999999999999999,true,true
4,65_74|woman|college_trades,2,0.13656185736775112,0.51,0.41,0.1549193319506433,0.40720930232558145,0.3570918487197557,-0.01835747458289219,0.10279069767441856,0.05290815128024429,-0.10000000000000003,true,true
4,65_74|woman|college_trades,3,0.69436631067053,0.33,0.56,0.7325358725848217,0.4411627906976744,0.5571646699553676,-0.03816956191429166,-0.11116279069767437,0.0028353300446324337,0.23000000000000004,true,false
4,65_74|woman|college_trades,4,0.11670622597480199,0.04,0.01,0.052060016037245936,0.040697674418604654,0.03519614752172892,0.06464620993755604,-0.0006976744186046532,-0.02519614752172892,-0.03,true,false
4,65_74|woman|high_school,1,0.06937224076757709,0.11,0.07,0.060484779427289116,0.11093023255813955,0.050547333803147756,0.00888746134028797,-0.0009302325581395515,0.01945266619685225,-0.039999999999999994,true,false
4,65_74|woman|high_school,2,0.1795952147482339,0.51,0.42,0.1549193319506433,0.40720930232558145,0.3570918487197557,0.024675882797590587,0.10279069767441856,0.0629081512802443,-0.09000000000000002,true,false
4,65_74|woman|high_school,3,0.7349110636186063,0.3,0.49,0.7325358725848217,0.4411627906976744,0.5571646699553676,0.002375191033784585,-0.1411627906976744,-0.06716466995536763,0.19,true,true
4,65_74|woman|high_school,4,0.0161214808655827,0.08,0.02,0.052060016037245936,0.040697674418604654,0.03519614752172892,-0.03593853517166323,0.03930232558139535,-0.01519614752172892,-0.06,true,true
4,75_plus|man|above_bachelor,1,0.02399869038765268,0.19,0.09,0.060484779427289116,0.11093023255813955,0.050547333803147756,-0.03648608903963643,0.07906976744186045,0.03945266619685224,-0.1,true,true
4,75_plus|man|above_bachelor,2,0.13874923927016003,0.39,0.41,0.1549193319506433,0.40720930232558145,0.3570918487197557,-0.016170092680483278,-0.017209302325581433,0.05290815128024429,0.019999999999999962,true,false
4,75_plus|man|above_bachelor,3,0.7413696294327843,0.36,0.47,0.7325358725848217,0.4411627906976744,0.5571646699553676,0.008833756847962615,-0.0811627906976744,-0.08716466995536765,0.10999999999999999,true,true
4,75_plus|man|above_bachelor,4,0.09588244090940298,0.06,0.03,0.052060016037245936,0.040697674418604654,0.03519614752172892,0.04382242487215705,0.019302325581395344,-0.005196147521728922,-0.03,true,false
4,75_plus|man|bachelor,1,0.05399477950187392,0.22,0.03,0.060484779427289116,0.11093023255813955,0.050547333803147756,-0.006489999925415199,0.10906976744186045,-0.020547333803147758,-0.19,true,true
4,75_plus|man|bachelor,2,0.04223149035699967,0.4,0.38,0.1549193319506433,0.40720930232558145,0.3570918487197557,-0.11268784159364365,-0.007209302325581424,0.022908151280244315,-0.020000000000000018,true,true
4,75_plus|man|bachelor,3,0.9037737301411264,0.29,0.53,0.7325358725848217,0.4411627906976744,0.5571646699553676,0.17123785755630472,-0.1511627906976744,-0.027164669955367593,0.24000000000000005,true,true
4,75_plus|man|bachelor,4,0.0,0.09,0.06,0.052060016037245936,0.040697674418604654,0.03519614752172892,-0.052060016037245936,0.04930232558139534,0.024803852478271077,-0.03,true,true
4,75_plus|man|high_school,1,0.0,0.34,0.07,0.060484779427289116,0.11093023255813955,0.050547333803147756,-0.060484779427289116,0.22906976744186047,0.01945266619685225,-0.27,true,true
4,75_plus|man|high_school,2,0.3197641653227715,0.34,0.39,0.1549193319506433,0.40720930232558145,0.3570918487197557,0.1648448333721282,-0.06720930232558142,0.032908151280244324,0.04999999999999999,true,true
4,75_plus|man|high_school,3,0.6802358346772285,0.22,0.49,0.7325358725848217,0.4411627906976744,0.5571646699553676,-0.05230003790759319,-0.2211627906976744,-0.06716466995536763,0.27,true,false
4,75_plus|man|high_school,4,0.0,0.1,0.05,0.052060016037245936,0.040697674418604654,0.03519614752172892,-0.052060016037245936,0.05930232558139535,0.014803852478271082,-0.05,true,true
4,75_plus|woman|high_school,1,0.03475978891652252,0.19,0.06,0.060484779427289116,0.11093023255813955,0.050547333803147756,-0.0257249905107666,0.07906976744186045,0.009452666196852241,-0.13,true,true
4,75_plus|woman|high_school,2,0.16759602469972862,0.45,0.34,0.1549193319506433,0.40720930232558145,0.3570918487197557,0.012676692749085311,0.042790697674418565,-0.017091848719755665,-0.10999999999999999,true,false
4,75_plus|woman|high_school,3,0.6373095323112943,0.32,0.56,0.7325358725848217,0.4411627906976744,0.5571646699553676,-0.09522634027352739,-0.12116279069767438,0.0028353300446324337,0.24000000000000005,true,false
4,75_plus|woman|high_school,4,0.16033465407245454,0.04,0.04,0.052060016037245936,0.040697674418604654,0.03519614752172892,0.10827463803520859,-0.0006976744186046532,0.00480385247827108,0.0,true,false
7,18_24|woman,1,0.6367233037437524,0.46938775510204084,0.5858585858585859,0.6265993261605184,0.6319595043404568,0.6326180169037312,0.010123977583234023,-0.16257174923841594,-0.04675943104514535,0.11647083075654502,true,true
7,18_24|woman,2,0.26187883890569236,0.09183673469387756,0.1414141414141414,0.201427888641193,0.15796536796536798,0.15113630637440162,0.06045095026449937,-0.06612863327149042,-0.00972216496026021,0.04957740672026385,true,true
7,18_24|woman,3,0.10139785735055526,0.4387755102040816,0.2727272727272727,0.17197278519828849,0.21007512769417533,0.2162456767218672,-0.07057492784773323,0.2287003825099063,0.056481596005405504,-0.1660482374768089,true,true
7,25_34|man,1,0.473895712494841,0.66,0.6326530612244898,0.6265993261605184,0.6319595043404568,0.6326180169037312,-0.15270361366567736,0.028040495659543252,0.00003504432075862596,-0.0273469387755102,true,true
7,25_34|man,2,0.3430901131127836,0.17,0.12244897959183673,0.201427888641193,0.15796536796536798,0.15113630637440162,0.1416622244715906,0.012034632034632037,-0.028687326782564887,-0.04755102040816328,true,false
7,25_34|man,3,0.1830141743923753,0.17,0.24489795918367346,0.17197278519828849,0.21007512769417533,0.2162456767218672,0.011041389194086815,-0.040075127694175317,0.02865228246180626,0.07489795918367345,true,true
7,25_34|woman,1,0.62099330851322,0.59,0.6363636363636364,0.6265993261605184,0.6319595043404568,0.6326180169037312,-0.0056060176472984,-0.04195950434045681,0.0037456194599051473,0.046363636363636385,true,false
7,25_34|woman,2,0.11332350778732464,0.17,0.1414141414141414,0.201427888641193,0.15796536796536798,0.15113630637440162,-0.08810438085386835,0.012034632034632037,-0.00972216496026021,-0.028585858585858603,true,true
7,25_34|woman,3,0.2656831836994553,0.24,0.2222222222222222,0.17197278519828849,0.21007512769417533,0.2162456767218672,0.09371039850116683,0.029924872305824662,0.005976545500355007,-0.01777777777777778,true,false
7,35_44|man,1,0.7295397561385363,0.74,0.5757575757575758,0.6265993261605184,0.6319595043404568,0.6326180169037312,0.10294042997801789,0.10804049565954321,-0.056860441146155405,-0.1642424242424242,true,false
7,35_44|man,2,0.1808184920578648,0.13,0.18181818181818182,0.201427888641193,0.15796536796536798,0.15113630637440162,-0.020609396583328193,-0.02796536796536797,0.030681875443780204,0.05181818181818182,true,false
7,35_44|man,3,0.08964175180359892,0.13,0.24242424242424243,0.17197278519828849,0.21007512769417533,0.2162456767218672,-0.08233103339468957,-0.08007512769417532,0.02617856570237523,0.11242424242424243,true,false
7,35_44|woman,1,0.6292137958691741,0.5656565656565656,0.6868686868686869,0.6265993261605184,0.6319595043404568,0.6326180169037312,0.0026144697086557533,-0.06630293868389114,0.054250669964955645,0.12121212121212122,true,true
7,35_44|woman,2,0.0680793382010835,0.2222222222222222,0.15151515151515152,0.201427888641193,0.15796536796536798,0.15113630637440162,-0.1333485504401095,0.06425685425685423,0.0003788451407499005,-0.07070707070707069,true,true
7,35_44|woman,3,0.3027068659297422,0.21212121212121213,0.16161616161616163,0.17197278519828849,0.21007512769417533,0.2162456767218672,0.13073408073145373,0.0020460844270367984,-0.05462951510570557,-0.0505050505050505,true,false
7,45_54|man,1,0.5713970699725603,0.73,0.66,0.6265993261605184,0.6319595043404568,0.6326180169037312,-0.05520225618795804,0.0980404956595432,0.027381983096268825,-0.06999999999999995,true,true
7,45_54|man,2,0.26003475751096866,0.14,0.16,0.201427888641193,0.15796536796536798,0.15113630637440162,0.058606868869775675,-0.017965367965367962,0.008863693625598384,0.01999999999999999,true,true
7,45_54|man,3,0.16856817251647088,0.13,0.18,0.17197278519828849,0.21007512769417533,0.2162456767218672,-0.0034046126818176037,-0.08007512769417532,-0.03624567672186721,0.04999999999999999,true,false
7,45_54|woman,1,0.7140620568797875,0.673469387755102,0.67,0.6265993261605184,0.6319595043404568,0.6326180169037312,0.08746273071926913,0.04150988341464523,0.037381983096268834,-0.0034693877551019714,true,false
7,45_54|woman,2,0.13091107423821222,0.16326530612244897,0.11,0.201427888641193,0.15796536796536798,0.15113630637440162,-0.07051681440298077,0.005299938157080991,-0.04113630637440162,-0.053265306122448966,true,true
7,45_54|woman,3,0.1550268688820004,0.16326530612244897,0.22,0.17197278519828849,0.21007512769417533,0.2162456767218672,-0.016945916316288084,-0.04680982157172636,0.0037543232781327984,0.056734693877551035,true,false
7,55_64|man,1,0.7064965436692014,0.6060606060606061,0.64,0.6265993261605184,0.6319595043404568,0.6326180169037312,0.07989721750868306,-0.0258988982798507,0.007381983096268807,0.033939393939393936,true,true
7,55_64|man,2,0.15604619355758612,0.23232323232323232,0.19,0.201427888641193,0.15796536796536798,0.15113630637440162,-0.04538169508360687,0.07435786435786435,0.03886369362559838,-0.04232323232323232,true,true
7,55_64|man,3,0.13745726277321238,0.16161616161616163,0.17,0.17197278519828849,0.21007512769417533,0.2162456767218672,-0.034515522425076106,-0.0484589660780137,-0.04624567672186719,0.008383838383838382,true,false
7,55_64|woman,1,0.5570723881635932,0.6530612244897959,0.6060606060606061,0.6265993261605184,0.6319595043404568,0.6326180169037312,-0.06952693799692522,0.021101720149339087,-0.02655741084312513,-0.04700061842918979,true,true
7,55_64|woman,2,0.29866868239922106,0.10204081632653061,0.16161616161616163,0.201427888641193,0.15796536796536798,0.15113630637440162,0.09724079375802808,-0.05592455163883736,0.010479855241760011,0.059575345289631015,true,true
7,55_64|woman,3,0.14425892943718563,0.24489795918367346,0.23232323232323232,0.17197278519828849,0.21007512769417533,0.2162456767218672,-0.027713855761102857,0.034822831489498135,0.016077555601365118,-0.012574726860441143,true,true
20,18_24|man,1,0.3939501397408865,0.37,0.43434343434343436,0.3217347880112507,0.3496935964468432,0.44246097337006424,0.07221535172963578,0.02030640355315677,-0.008117539026629872,0.06434343434343437,true,true
20,18_24|man,2,0.03959329936098157,0.23,0.08080808080808081,0.18376563743808091,0.20347332321358297,0.0739761248852158,-0.14417233807709934,0.02652667678641704,0.006831955922865021,-0.1491919191919192,true,true
20,18_24|man,3,0.3893389565411456,0.36,0.40404040404040403,0.33894574521612053,0.402975394014355,0.40141414141414145,0.050393211325025056,-0.04297539401435502,0.0026262626262625877,0.044040404040404046,true,true
20,18_24|man,8,0.12880863480463584,0.02,0.0707070707070707,0.14471372373980362,0.021020033357695696,0.064811753902663,-0.015905088935167788,-0.001020033357695696,0.005895316804407705,0.0507070707070707,true,false
20,18_24|man,9,0.048308969552350485,0.02,0.010101010101010102,0.010840105594744227,0.0228376529675231,0.01733700642791552,0.037468863957606256,-0.0028376529675230994,-0.007235996326905419,-0.009898989898989899,true,false
20,18_24|woman,1,0.20893777206033182,0.37,0.3838383838383838,0.3217347880112507,0.3496935964468432,0.44246097337006424,-0.1127970159509189,0.02030640355315677,-0.058622589531680425,0.013838383838383816,true,false
20,18_24|woman,2,0.10851875377724027,0.21,0.06060606060606061,0.18376563743808091,0.20347332321358297,0.0739761248852158,-0.07524688366084065,0.006526676786417024,-0.013370064279155186,-0.14939393939393938,true,true
20,18_24|woman,3,0.3571441233095316,0.37,0.3838383838383838,0.33894574521612053,0.402975394014355,0.40141414141414145,0.01819837809341107,-0.03297539401435501,-0.017575757575757633,0.013838383838383816,true,true
20,18_24|woman,8,0.30774823390066786,0.02,0.13131313131313133,0.14471372373980362,0.021020033357695696,0.064811753902663,0.16303451016086423,-0.001020033357695696,0.06650137741046833,0.11131313131313132,true,true
20,18_24|woman,9,0.01765111695222847,0.03,0.04040404040404041,0.010840105594744227,0.0228376529675231,0.01733700642791552,0.006811011357484244,0.007162347032476899,0.023067033976124886,0.010404040404040409,true,true
20,25_34|man,1,0.4708670199129237,0.40404040404040403,0.3838383838383838,0.3217347880112507,0.3496935964468432,0.44246097337006424,0.14913223190167296,0.05434680759356081,-0.058622589531680425,-0.02020202020202022,true,false
20,25_34|man,2,0.15227572415968046,0.20202020202020202,0.1414141414141414,0.18376563743808091,0.20347332321358297,0.0739761248852158,-0.03148991327840045,-0.0014531211933809518,0.06743801652892562,-0.06060606060606061,true,true
20,25_34|man,3,0.3207483562229416,0.35353535353535354,0.42424242424242425,0.33894574521612053,0.402975394014355,0.40141414141414145,-0.01819738899317891,-0.04944004047900147,0.02282828282828281,0.07070707070707072,true,false
20,25_34|man,8,0.056108899704454214,0.0,0.04040404040404041,0.14471372373980362,0.021020033357695696,0.064811753902663,-0.08860482403534942,-0.021020033357695696,-0.024407713498622592,0.04040404040404041,true,false
20,25_34|man,9,0.0,0.04040404040404041,0.010101010101010102,0.010840105594744227,0.0228376529675231,0.01733700642791552,-0.010840105594744227,0.017566387436517308,-0.007235996326905419,-0.030303030303030304,true,true
20,25_34|woman,1,0.2820525555273528,0.3333333333333333,0.47,0.3217347880112507,0.3496935964468432,0.44246097337006424,-0.039682232483897906,-0.01636026311350991,0.027539026629935737,0.13666666666666666,true,false
20,25_34|woman,2,0.04149238969134461,0.18181818181818182,0.04,0.18376563743808091,0.20347332321358297,0.0739761248852158,-0.1422732477467363,-0.021655141395401145,-0.03397612488521579,-0.14181818181818182,true,true
20,25_34|woman,3,0.37833624996866416,0.4444444444444444,0.35,0.33894574521612053,0.402975394014355,0.40141414141414145,0.03939050475254363,0.041469050430089416,-0.05141414141414147,-0.09444444444444444,true,false
20,25_34|woman,8,0.2735180164136258,0.010101010101010102,0.12,0.14471372373980362,0.021020033357695696,0.064811753902663,0.12880429267382215,-0.010919023256685595,0.055188246097336996,0.1098989898989899,true,true
20,25_34|woman,9,0.024600788399012686,0.030303030303030304,0.02,0.010840105594744227,0.0228376529675231,0.01733700642791552,0.013760682804268459,0.007465377335507204,0.0026629935720844794,-0.010303030303030303,true,false
20,35_44|man,1,0.325939186427263,0.3163265306122449,0.5050505050505051,0.3217347880112507,0.3496935964468432,0.44246097337006424,0.004204398416012278,-0.03336706583459831,0.06258953168044085,0.18872397443826017,true,true
20,35_44|man,2,0.3370353992396635,0.12244897959183673,0.09090909090909091,0.18376563743808091,0.20347332321358297,0.0739761248852158,0.1532697618015826,-0.08102434362174624,0.016932966023875118,-0.03153988868274582,true,false
20,35_44|man,3,0.2926668307467041,0.5102040816326531,0.3434343434343434,0.33894574521612053,0.402975394014355,0.40141414141414145,-0.046278914469416454,0.10722868761829807,-0.05797979797979802,-0.16676973819830965,true,true
20,35_44|man,8,0.04435858358636939,0.04081632653061224,0.050505050505050504,0.14471372373980362,0.021020033357695696,0.064811753902663,-0.10035514015343423,0.019796293172916545,-0.014306703397612495,0.009688723974438262,true,false
20,35_44|man,9,0.0,0.01020408163265306,0.010101010101010102,0.010840105594744227,0.0228376529675231,0.01733700642791552,-0.010840105594744227,-0.01263357133487004,-0.007235996326905419,-0.00010307153164295854,true,true
20,35_44|woman,1,0.2510203996480241,0.33,0.56,0.3217347880112507,0.3496935964468432,0.44246097337006424,-0.07071438836322663,-0.01969359644684321,0.11753902662993582,0.23000000000000004,true,false
20,35_44|woman,2,0.17544091047650065,0.25,0.06,0.18376563743808091,0.20347332321358297,0.0739761248852158,-0.008324726961580264,0.04652667678641703,-0.013976124885215796,-0.19,true,true
20,35_44|woman,3,0.454222518068675,0.38,0.29,0.33894574521612053,0.402975394014355,0.40141414141414145,0.11527677285255444,-0.022975394014355,-0.11141414141414147,-0.09000000000000002,true,false
20,35_44|woman,8,0.09063588516820546,0.02,0.08,0.14471372373980362,0.021020033357695696,0.064811753902663,-0.05407783857159816,-0.001020033357695696,0.015188246097337002,0.06,true,false
20,35_44|woman,9,0.028680286638594843,0.02,0.01,0.010840105594744227,0.0228376529675231,0.01733700642791552,0.017840181043850614,-0.0028376529675230994,-0.007337006427915521,-0.01,true,false
20,45_54|man,1,0.2664042388042117,0.3,0.48,0.3217347880112507,0.3496935964468432,0.44246097337006424,-0.055330549207039004,-0.049693596446843236,0.037539026629935746,0.18,true,false
20,45_54|man,2,0.23972774797268884,0.2,0.09,0.18376563743808091,0.20347332321358297,0.0739761248852158,0.05596211053460792,-0.0034733232135829573,0.016023875114784203,-0.11000000000000001,true,false
20,45_54|man,3,0.4187299941265497,0.47,0.34,0.33894574521612053,0.402975394014355,0.40141414141414145,0.07978424891042918,0.06702460598564497,-0.06141414141414142,-0.12999999999999995,true,false
20,45_54|man,8,0.07513801909654973,0.03,0.06,0.14471372373980362,0.021020033357695696,0.064811753902663,-0.0695757046432539,0.008979966642304302,-0.004811753902663002,0.03,true,false
20,45_54|man,9,0.0,0.0,0.03,0.010840105594744227,0.0228376529675231,0.01733700642791552,-0.010840105594744227,-0.0228376529675231,0.012662993572084478,0.03,true,false
20,45_54|woman,1,0.2859139034136715,0.44,0.41,0.3217347880112507,0.3496935964468432,0.44246097337006424,-0.035820884597579206,0.09030640355315678,-0.03246097337006426,-0.030000000000000027,true,true
20,45_54|woman,2,0.1232999875486616,0.19,0.03,0.18376563743808091,0.20347332321358297,0.0739761248852158,-0.06046564988941931,-0.013473323213582966,-0.043976124885215795,-0.16,true,true
20,45_54|woman,3,0.27605509836651504,0.34,0.48,0.33894574521612053,0.402975394014355,0.40141414141414145,-0.06289064684960549,-0.06297539401435498,0.07858585858585854,0.13999999999999996,true,false
20,45_54|woman,8,0.31473101067115183,0.0,0.06,0.14471372373980362,0.021020033357695696,0.064811753902663,0.1700172869313482,-0.021020033357695696,-0.004811753902663002,0.06,true,true
20,45_54|woman,9,0.0,0.03,0.02,0.010840105594744227,0.0228376529675231,0.01733700642791552,-0.010840105594744227,0.007162347032476899,0.0026629935720844794,-0.009999999999999998,true,true
20,55_64|man,1,0.39680212566343753,0.29,0.3,0.3217347880112507,0.3496935964468432,0.44246097337006424,0.07506733765218682,-0.059693596446843245,-0.14246097337006425,0.010000000000000009,true,true
20,55_64|man,2,0.16801919185349173,0.25,0.11,0.18376563743808091,0.20347332321358297,0.0739761248852158,-0.01574644558458918,0.04652667678641703,0.03602387511478421,-0.14,true,true
20,55_64|man,3,0.3077837881897907,0.43,0.57,0.33894574521612053,0.402975394014355,0.40141414141414145,-0.031161957026329845,0.02702460598564499,0.1685858585858585,0.13999999999999996,true,false
20,55_64|man,8,0.12739489429328002,0.01,0.02,0.14471372373980362,0.021020033357695696,0.064811753902663,-0.017318829446523604,-0.011020033357695696,-0.044811753902662996,0.01,true,false
20,55_64|man,9,0.0,0.02,0.0,0.010840105594744227,0.0228376529675231,0.01733700642791552,-0.010840105594744227,-0.0028376529675230994,-0.01733700642791552,-0.02,true,true
20,55_64|woman,1,0.31690978973709993,0.4,0.48,0.3217347880112507,0.3496935964468432,0.44246097337006424,-0.004824998274150782,0.0503064035531568,0.037539026629935746,0.07999999999999996,true,false
20,55_64|woman,2,0.24444765422119422,0.21,0.06,0.18376563743808091,0.20347332321358297,0.0739761248852158,0.0606820167831133,0.006526676786417024,-0.013976124885215796,-0.15,true,false
20,55_64|woman,3,0.3087478200403042,0.32,0.4,0.33894574521612053,0.402975394014355,0.40141414141414145,-0.03019792517581632,-0.082975394014355,-0.0014141414141414232,0.08000000000000002,true,false
20,55_64|woman,8,0.1298947360014016,0.05,0.05,0.14471372373980362,0.021020033357695696,0.064811753902663,-0.014818987738402012,0.028979966642304306,-0.014811753902662997,0.0,true,false
20,55_64|woman,9,0.0,0.02,0.01,0.010840105594744227,0.0228376529675231,0.01733700642791552,-0.010840105594744227,-0.0028376529675230994,-0.007337006427915521,-0.01,true,true
20,65_74|woman,1,0.34028553718855525,0.29292929292929293,0.46,0.3217347880112507,0.3496935964468432,0.44246097337006424,0.018550749177304537,-0.056764303517550296,0.017539026629935783,0.1670707070707071,true,true
20,65_74|woman,2,0.3915709535174426,0.1919191919191919,0.05,0.18376563743808091,0.20347332321358297,0.0739761248852158,0.20780531607936167,-0.011554131294391062,-0.02397612488521579,-0.1419191919191919,true,false
20,65_74|woman,3,0.22462946179650398,0.45454545454545453,0.43,0.33894574521612053,0.402975394014355,0.40141414141414145,-0.11431628341961655,0.051570060531099526,0.028585858585858548,-0.024545454545454537,true,true
20,65_74|woman,8,0.0435140474974982,0.030303030303030304,0.03,0.14471372373980362,0.021020033357695696,0.064811753902663,-0.10119967624230541,0.009282996945334607,-0.034811753902663,-0.000303030303030305,true,true
20,65_74|woman,9,0.0,0.030303030303030304,0.03,0.010840105594744227,0.0228376529675231,0.01733700642791552,-0.010840105594744227,0.007465377335507204,0.012662993572084478,-0.000303030303030305,true,true
21,man|above_bachelor,1,0.6923101184369865,0.54,0.37373737373737376,0.5814943574921074,0.5023737373737374,0.34714646464646465,0.1108157609448791,0.037626262626262674,0.02659090909090911,-0.16626262626262628,true,false
21,man|above_bachelor,2,0.1859204695965939,0.43,0.5252525252525253,0.323899870370825,0.4612878787878788,0.5425631313131313,-0.13797940077423113,-0.03128787878787881,-0.01731060606060597,0.09525252525252531,true,false
21,man|above_bachelor,98,0.05164465841586665,0.03,0.09090909090909091,0.07807762805498385,0.035088383838383835,0.08900252525252525,-0.026432969639117197,-0.0050883838383838365,0.001906565656565662,0.06090909090909091,true,false
21,man|above_bachelor,99,0.0701247535505529,0.0,0.010101010101010102,0.016528144082083623,0.00125,0.02128787878787879,0.05359660946846928,-0.00125,-0.011186868686868688,0.010101010101010102,true,true
21,man|college_trades,1,0.4999912239483774,0.46464646464646464,0.41,0.5814943574921074,0.5023737373737374,0.34714646464646465,-0.08150313354373001,-0.03772727272727272,0.06285353535353533,-0.054646464646464665,true,true
21,man|college_trades,2,0.4200925738040426,0.5050505050505051,0.5,0.323899870370825,0.4612878787878788,0.5425631313131313,0.09619270343321756,0.04376262626262628,-0.042563131313131275,-0.005050505050505083,true,false
21,man|college_trades,98,0.06157103001795126,0.030303030303030304,0.08,0.07807762805498385,0.035088383838383835,0.08900252525252525,-0.01650659803703259,-0.0047853535353535315,-0.009002525252525248,0.0496969696969697,true,false
21,man|college_trades,99,0.018345172229628753,0.0,0.01,0.016528144082083623,0.00125,0.02128787878787879,0.0018170281475451307,-0.00125,-0.01128787878787879,0.01,true,true
21,man|high_school,1,0.5494332001511005,0.51,0.28,0.5814943574921074,0.5023737373737374,0.34714646464646465,-0.032061157341006896,0.007626262626262648,-0.06714646464646462,-0.22999999999999998,true,true
21,man|high_school,2,0.39598797212495557,0.46,0.64,0.323899870370825,0.4612878787878788,0.5425631313131313,0.07208810175413055,-0.0012878787878787823,0.09743686868686874,0.18,true,true
21,man|high_school,98,0.026274083474746322,0.03,0.07,0.07807762805498385,0.035088383838383835,0.08900252525252525,-0.051803544580237525,-0.0050883838383838365,-0.019002525252525243,0.04000000000000001,true,false
21,man|high_school,99,0.028304744249197614,0.0,0.01,0.016528144082083623,0.00125,0.02128787878787879,0.011776600167113991,-0.00125,-0.01128787878787879,0.01,true,true
21,man|no_diploma,1,0.5698102900627239,0.5,0.37,0.5814943574921074,0.5023737373737374,0.34714646464646465,-0.011684067429383549,-0.0023737373737373613,0.022853535353535348,-0.13,true,true
21,man|no_diploma,2,0.3413201707960768,0.47,0.57,0.323899870370825,0.4612878787878788,0.5425631313131313,0.017420300425251778,0.008712121212121171,0.027436868686868676,0.09999999999999998,true,true
21,man|no_diploma,98,0.07341905651390956,0.03,0.04,0.07807762805498385,0.035088383838383835,0.08900252525252525,-0.004658571541074283,-0.0050883838383838365,-0.04900252525252525,0.010000000000000002,true,false
21,man|no_diploma,99,0.015450482627289706,0.0,0.02,0.016528144082083623,0.00125,0.02128787878787879,-0.0010776614547939167,-0.00125,-0.0012878787878787892,0.02,true,false
21,woman|above_bachelor,1,0.6969633066845341,0.57,0.31,0.5814943574921074,0.5023737373737374,0.34714646464646465,0.11546894919242667,0.06762626262626259,-0.03714646464646465,-0.25999999999999995,true,false
21,woman|above_bachelor,2,0.1857797343803074,0.37,0.53,0.323899870370825,0.4612878787878788,0.5425631313131313,-0.13812013599051762,-0.0912878787878788,-0.012563131313131248,0.16000000000000003,true,false
21,woman|above_bachelor,98,0.11725695893515847,0.05,0.12,0.07807762805498385,0.035088383838383835,0.08900252525252525,0.039179330880174626,0.014911616161616167,0.030997474747474746,0.06999999999999999,true,true
21,woman|above_bachelor,99,0.0,0.01,0.04,0.016528144082083623,0.00125,0.02128787878787879,-0.016528144082083623,0.00875,0.01871212121212121,0.03,true,false
21,woman|college_trades,1,0.45316979006095326,0.43434343434343436,0.36,0.5814943574921074,0.5023737373737374,0.34714646464646465,-0.12832456743115417,-0.068030303030303,0.01285353535353534,-0.07434343434343438,true,true
21,woman|college_trades,2,0.4107649860009701,0.5252525252525253,0.57,0.323899870370825,0.4612878787878788,0.5425631313131313,0.0868651156301451,0.0639646464646465,0.027436868686868676,0.04474747474747465,true,true
21,woman|college_trades,98,0.1360652239380766,0.04040404040404041,0.07,0.07807762805498385,0.035088383838383835,0.08900252525252525,0.057987595883092755,0.005315656565656572,-0.019002525252525243,0.0295959595959596,true,true
21,woman|college_trades,99,0.0,0.0,0.0,0.016528144082083623,0.00125,0.02128787878787879,-0.016528144082083623,-0.00125,-0.02128787878787879,0.0,true,false
21,woman|high_school,1,0.5163555164085786,0.55,0.33,0.5814943574921074,0.5023737373737374,0.34714646464646465,-0.06513884108352885,0.04762626262626268,-0.017146464646464632,-0.22000000000000003,true,true
21,woman|high_school,2,0.37866635169763513,0.45,0.48,0.323899870370825,0.4612878787878788,0.5425631313131313,0.05476648132681011,-0.011287878787878791,-0.06256313131313129,0.02999999999999997,true,true
21,woman|high_school,98,0.10497813189378628,0.0,0.13,0.07807762805498385,0.035088383838383835,0.08900252525252525,0.026900503838802436,-0.035088383838383835,0.040997474747474755,0.13,true,true
21,woman|high_school,99,0.0,0.0,0.06,0.016528144082083623,0.00125,0.02128787878787879,-0.016528144082083623,-0.00125,0.03871212121212121,0.06,true,false
21,woman|no_diploma,1,0.6739214141836055,0.45,0.3434343434343434,0.5814943574921074,0.5023737373737374,0.34714646464646465,0.09242705669149809,-0.05237373737373735,-0.003712121212121222,-0.10656565656565659,true,false
21,woman|no_diploma,2,0.2726667045660189,0.48,0.5252525252525253,0.323899870370825,0.4612878787878788,0.5425631313131313,-0.051233165804806136,0.01871212121212118,-0.01731060606060597,0.04525252525252532,true,false
21,woman|no_diploma,98,0.05341188125037558,0.07,0.1111111111111111,0.07807762805498385,0.035088383838383835,0.08900252525252525,-0.024665746804608264,0.03491161616161617,0.022108585858585855,0.0411111111111111,true,false
21,woman|no_diploma,99,0.0,0.0,0.020202020202020204,0.016528144082083623,0.00125,0.02128787878787879,-0.016528144082083623,-0.00125,-0.001085858585858586,0.020202020202020204,true,false
25,25_34|man|bachelor,-8,0.0,0.0,0.0,0.003361299615967281,0.0006666666666666666,0.004686868686868687,-0.003361299615967281,-0.0006666666666666666,-0.004686868686868687,0.0,true,false
25,25_34|man|bachelor,-9,0.0,0.0,0.01,0.01748378102047062,0.004673400673400674,0.022074074074074076,-0.01748378102047062,-0.004673400673400674,-0.012074074074074076,0.01,true,false
25,25_34|man|bachelor,1,0.4947981324270426,0.48,0.38,0.38344367150366704,0.4041750841750842,0.4005387205387205,0.11135446092337559,0.0758249158249158,-0.020538720538720523,-0.09999999999999998,true,false
25,25_34|man|bachelor,2,0.3218410990451596,0.32,0.5,0.4713005390532853,0.37139393939393944,0.40604713804713805,-0.14945944000812567,-0.051393939393939436,0.09395286195286195,0.18,true,false
25,25_34|man|bachelor,3,0.14877184577200506,0.13,0.04,0.08367506589965276,0.0975016835016835,0.05622222222222222,0.0650967798723523,0.0324983164983165,-0.01622222222222222,-0.09,true,false
25,25_34|man|bachelor,4,0.034588922755792714,0.05,0.05,0.017985585393303586,0.07280808080808081,0.07701010101010101,0.016603337362489128,-0.022808080808080805,-0.027010101010101012,0.0,true,false
25,25_34|man|bachelor,5,0.0,0.02,0.02,0.022750057513653388,0.048781144781144786,0.03342087542087543,-0.022750057513653388,-0.028781144781144786,-0.013420875420875427,0.0,true,false
25,25_34|woman|bachelor,-8,0.0,0.0,0.010101010101010102,0.003361299615967281,0.0006666666666666666,0.004686868686868687,-0.003361299615967281,-0.0006666666666666666,0.005414141414141415,0.010101010101010102,true,false
25,25_34|woman|bachelor,-9,0.0,0.01,0.0,0.01748378102047062,0.004673400673400674,0.022074074074074076,-0.01748378102047062,0.005326599326599326,-0.022074074074074076,-0.01,true,true
25,25_34|woman|bachelor,1,0.21385379160877324,0.59,0.40404040404040403,0.38344367150366704,0.4041750841750842,0.4005387205387205,-0.1695898798948938,0.18582491582491578,0.0035016835016835057,-0.18595959595959594,true,true
25,25_34|woman|bachelor,2,0.647144806449706,0.32,0.43434343434343436,0.4713005390532853,0.37139393939393944,0.40604713804713805,0.17584426739642067,-0.051393939393939436,0.02829629629629632,0.11434343434343436,true,true
25,25_34|woman|bachelor,3,0.0969403143963385,0.06,0.050505050505050504,0.08367506589965276,0.0975016835016835,0.05622222222222222,0.013265248496685741,-0.03750168350168351,-0.005717171717171718,-0.009494949494949494,true,false
25,25_34|woman|bachelor,4,0.0,0.01,0.06060606060606061,0.017985585393303586,0.07280808080808081,0.07701010101010101,-0.017985585393303586,-0.06280808080808081,-0.016404040404040407,0.050606060606060606,true,false
25,25_34|woman|bachelor,5,0.04206108754518232,0.01,0.04040404040404041,0.022750057513653388,0.048781144781144786,0.03342087542087543,0.019311030031528932,-0.038781144781144784,0.00698316498316498,0.030404040404040406,true,true
25,35_44|man|bachelor,-8,0.0,0.0,0.0,0.003361299615967281,0.0006666666666666666,0.004686868686868687,-0.003361299615967281,-0.0006666666666666666,-0.004686868686868687,0.0,true,false
25,35_44|man|bachelor,-9,0.0,0.0,0.03,0.01748378102047062,0.004673400673400674,0.022074074074074076,-0.01748378102047062,-0.004673400673400674,0.007925925925925923,0.03,true,false
25,35_44|man|bachelor,1,0.43433399941853545,0.43434343434343436,0.54,0.38344367150366704,0.4041750841750842,0.4005387205387205,0.050890327914868416,0.030168350168350178,0.1394612794612795,0.10565656565656567,true,true
25,35_44|man|bachelor,2,0.5656660005814645,0.36363636363636365,0.37,0.4713005390532853,0.37139393939393944,0.40604713804713805,0.09436546152817926,-0.007757575757575796,-0.03604713804713805,0.006363636363636349,true,true
25,35_44|man|bachelor,3,0.0,0.050505050505050504,0.02,0.08367506589965276,0.0975016835016835,0.05622222222222222,-0.08367506589965276,-0.046996632996633,-0.036222222222222225,-0.030505050505050504,true,true
25,35_44|man|bachelor,4,0.0,0.10101010101010101,0.01,0.017985585393303586,0.07280808080808081,0.07701010101010101,-0.017985585393303586,0.0282020202020202,-0.06701010101010102,-0.09101010101010101,true,true
25,35_44|man|bachelor,5,0.0,0.050505050505050504,0.03,0.022750057513653388,0.048781144781144786,0.03342087542087543,-0.022750057513653388,0.0017239057239057179,-0.0034208754208754286,-0.020505050505050505,true,true
25,35_44|woman|bachelor,-8,0.028288873766502052,0.0,0.0,0.003361299615967281,0.0006666666666666666,0.004686868686868687,0.02492757415053477,-0.0006666666666666666,-0.004686868686868687,0.0,true,false
25,35_44|woman|bachelor,-9,0.0,0.0,0.02,0.01748378102047062,0.004673400673400674,0.022074074074074076,-0.01748378102047062,-0.004673400673400674,-0.0020740740740740754,0.02,true,false
25,35_44|woman|bachelor,1,0.4369087271368543,0.44,0.5,0.38344367150366704,0.4041750841750842,0.4005387205387205,0.053465055633187264,0.035824915824915815,0.09946127946127947,0.06,true,true
25,35_44|woman|bachelor,2,0.30983723055073115,0.39,0.29,0.4713005390532853,0.37139393939393944,0.40604713804713805,-0.16146330850255414,0.01860606060606057,-0.11604713804713807,-0.10000000000000003,true,true
25,35_44|woman|bachelor,3,0.22496516854591245,0.06,0.1,0.08367506589965276,0.0975016835016835,0.05622222222222222,0.14129010264625969,-0.03750168350168351,0.043777777777777784,0.04000000000000001,true,true
25,35_44|woman|bachelor,4,0.0,0.09,0.03,0.017985585393303586,0.07280808080808081,0.07701010101010101,-0.017985585393303586,0.01719191919191919,-0.047010101010101016,-0.06,true,true
25,35_44|woman|bachelor,5,0.0,0.02,0.06,0.022750057513653388,0.048781144781144786,0.03342087542087543,-0.022750057513653388,-0.028781144781144786,0.02657912457912457,0.039999999999999994,true,false
25,45_54|man|bachelor,-8,0.0,0.0,0.0,0.003361299615967281,0.0006666666666666666,0.004686868686868687,-0.003361299615967281,-0.0006666666666666666,-0.004686868686868687,0.0,true,false
25,45_54|man|bachelor,-9,0.0,0.0,0.01,0.01748378102047062,0.004673400673400674,0.022074074074074076,-0.01748378102047062,-0.004673400673400674,-0.012074074074074076,0.01,true,false
25,45_54|man|bachelor,1,0.46515343222291483,0.43434343434343436,0.43,0.38344367150366704,0.4041750841750842,0.4005387205387205,0.08170976071924779,0.030168350168350178,0.029461279461279466,-0.004343434343434371,true,false
25,45_54|man|bachelor,2,0.4854725373348825,0.3838383838383838,0.41,0.4713005390532853,0.37139393939393944,0.40604713804713805,0.014171998281597209,0.01244444444444437,0.00395286195286193,0.026161616161616164,true,true
25,45_54|man|bachelor,3,0.035025590464539985,0.12121212121212122,0.05,0.08367506589965276,0.0975016835016835,0.05622222222222222,-0.04864947543511278,0.02371043771043771,-0.006222222222222219,-0.07121212121212121,true,true
25,45_54|man|bachelor,4,0.0,0.030303030303030304,0.06,0.017985585393303586,0.07280808080808081,0.07701010101010101,-0.017985585393303586,-0.042505050505050504,-0.017010101010101017,0.029696969696969694,true,false
25,45_54|man|bachelor,5,0.014348439977662754,0.030303030303030304,0.04,0.022750057513653388,0.048781144781144786,0.03342087542087543,-0.008401617535990634,-0.018478114478114482,0.006579124579124573,0.009696969696969697,true,false
25,45_54|man|college_trades,-8,0.0,0.0,0.01,0.003361299615967281,0.0006666666666666666,0.004686868686868687,-0.003361299615967281,-0.0006666666666666666,0.005313131313131313,0.01,true,false
25,45_54|man|college_trades,-9,0.0,0.02,0.01,0.01748378102047062,0.004673400673400674,0.022074074074074076,-0.01748378102047062,0.015326599326599327,-0.012074074074074076,-0.01,true,true
25,45_54|man|college_trades,1,0.5122124303709055,0.26,0.28,0.38344367150366704,0.4041750841750842,0.4005387205387205,0.12876875886723843,-0.14417508417508418,-0.1205387205387205,0.020000000000000018,true,true
25,45_54|man|college_trades,2,0.36531374471109795,0.42,0.45,0.4713005390532853,0.37139393939393944,0.40604713804713805,-0.10598679434218733,0.04860606060606054,0.043952861952861966,0.030000000000000027,true,false
25,45_54|man|college_trades,3,0.0,0.07,0.1,0.08367506589965276,0.0975016835016835,0.05622222222222222,-0.08367506589965276,-0.0275016835016835,0.043777777777777784,0.03,true,false
25,45_54|man|college_trades,4,0.023548758685799913,0.15,0.13,0.017985585393303586,0.07280808080808081,0.07701010101010101,0.005563173292496327,0.07719191919191919,0.05298989898989899,-0.01999999999999999,true,false
25,45_54|man|college_trades,5,0.09892506623219677,0.08,0.02,0.022750057513653388,0.048781144781144786,0.03342087542087543,0.07617500871854338,0.031218855218855215,-0.013420875420875427,-0.06,true,false
25,45_54|woman|bachelor,-8,0.0,0.0,0.0,0.003361299615967281,0.0006666666666666666,0.004686868686868687,-0.003361299615967281,-0.0006666666666666666,-0.004686868686868687,0.0,true,false
25,45_54|woman|bachelor,-9,0.02777289447111649,0.0,0.03,0.01748378102047062,0.004673400673400674,0.022074074074074076,0.01028911345064587,-0.004673400673400674,0.007925925925925923,0.03,true,true
25,45_54|woman|bachelor,1,0.5281852663304275,0.47,0.52,0.38344367150366704,0.4041750841750842,0.4005387205387205,0.14474159482676047,0.06582491582491579,0.11946127946127949,0.050000000000000044,true,true
25,45_54|woman|bachelor,2,0.3762268334105939,0.37,0.3,0.4713005390532853,0.37139393939393944,0.40604713804713805,-0.09507370564269141,-0.0013939393939394473,-0.10604713804713806,-0.07,true,true
25,45_54|woman|bachelor,3,0.06781500578786225,0.05,0.03,0.08367506589965276,0.0975016835016835,0.05622222222222222,-0.015860060111790517,-0.0475016835016835,-0.026222222222222223,-0.020000000000000004,true,true
25,45_54|woman|bachelor,4,0.0,0.07,0.07,0.017985585393303586,0.07280808080808081,0.07701010101010101,-0.017985585393303586,-0.002808080808080801,-0.007010101010101008,0.0,true,false
25,45_54|woman|bachelor,5,0.0,0.04,0.05,0.022750057513653388,0.048781144781144786,0.03342087542087543,-0.022750057513653388,-0.008781144781144785,0.016579124579124575,0.010000000000000002,true,false
25,45_54|woman|college_trades,-8,0.0,0.0,0.02,0.003361299615967281,0.0006666666666666666,0.004686868686868687,-0.003361299615967281,-0.0006666666666666666,0.015313131313131313,0.02,true,false
25,45_54|woman|college_trades,-9,0.0,0.0,0.02,0.01748378102047062,0.004673400673400674,0.022074074074074076,-0.01748378102047062,-0.004673400673400674,-0.0020740740740740754,0.02,true,false
25,45_54|woman|college_trades,1,0.16016796558702193,0.32,0.36,0.38344367150366704,0.4041750841750842,0.4005387205387205,-0.2232757059166451,-0.08417508417508418,-0.04053872053872054,0.03999999999999998,true,false
25,45_54|woman|college_trades,2,0.8023657218571828,0.39,0.41,0.4713005390532853,0.37139393939393944,0.40604713804713805,0.3310651828038975,0.01860606060606057,0.00395286195286193,0.019999999999999962,true,true
25,45_54|woman|college_trades,3,0.037466312555795266,0.16,0.05,0.08367506589965276,0.0975016835016835,0.05622222222222222,-0.046208753343857496,0.0624983164983165,-0.006222222222222219,-0.11,true,true
25,45_54|woman|college_trades,4,0.0,0.12,0.09,0.017985585393303586,0.07280808080808081,0.07701010101010101,-0.017985585393303586,0.04719191919191919,0.012989898989898982,-0.03,true,true
25,45_54|woman|college_trades,5,0.0,0.01,0.05,0.022750057513653388,0.048781144781144786,0.03342087542087543,-0.022750057513653388,-0.038781144781144784,0.016579124579124575,0.04,true,false
25,55_64|man|bachelor,-8,0.0,0.0,0.0,0.003361299615967281,0.0006666666666666666,0.004686868686868687,-0.003361299615967281,-0.0006666666666666666,-0.004686868686868687,0.0,true,false
25,55_64|man|bachelor,-9,0.0,0.0,0.010101010101010102,0.01748378102047062,0.004673400673400674,0.022074074074074076,-0.01748378102047062,-0.004673400673400674,-0.011973063973063974,0.010101010101010102,true,false
25,55_64|man|bachelor,1,0.32639345042367557,0.39,0.3434343434343434,0.38344367150366704,0.4041750841750842,0.4005387205387205,-0.05705022107999147,-0.014175084175084174,-0.0571043771043771,-0.04656565656565659,true,true
25,55_64|man|bachelor,2,0.4558812985426147,0.47,0.47474747474747475,0.4713005390532853,0.37139393939393944,0.40604713804713805,-0.015419240510670562,0.09860606060606053,0.0687003367003367,0.004747474747474778,true,false
25,55_64|man|bachelor,3,0.11857258921477341,0.07,0.020202020202020204,0.08367506589965276,0.0975016835016835,0.05622222222222222,0.03489752331512065,-0.0275016835016835,-0.03602020202020202,-0.0497979797979798,true,false
25,55_64|man|bachelor,4,0.016023970137321982,0.01,0.13131313131313133,0.017985585393303586,0.07280808080808081,0.07701010101010101,-0.001961615255981604,-0.06280808080808081,0.05430303030303031,0.12131313131313133,true,false
25,55_64|man|bachelor,5,0.08312869168161437,0.06,0.020202020202020204,0.022750057513653388,0.048781144781144786,0.03342087542087543,0.06037863416796098,0.011218855218855212,-0.013218855218855224,-0.03979797979797979,true,false
25,55_64|man|college_trades,-8,0.0,0.01,0.010101010101010102,0.003361299615967281,0.0006666666666666666,0.004686868686868687,-0.003361299615967281,0.009333333333333334,0.005414141414141415,0.00010101010101010166,true,false
25,55_64|man|college_trades,-9,0.0,0.02,0.030303030303030304,0.01748378102047062,0.004673400673400674,0.022074074074074076,-0.01748378102047062,0.015326599326599327,0.008228956228956228,0.010303030303030303,true,false
25,55_64|man|college_trades,1,0.30332597633427255,0.3,0.35353535353535354,0.38344367150366704,0.4041750841750842,0.4005387205387205,-0.08011769516939449,-0.1041750841750842,-0.04700336700336699,0.05353535353535355,true,false
25,55_64|man|college_trades,2,0.5421040413209944,0.36,0.2727272727272727,0.4713005390532853,0.37139393939393944,0.40604713804713805,0.07080350226770915,-0.011393939393939456,-0.13331986531986534,-0.08727272727272728,true,false
25,55_64|man|college_trades,3,0.08834936662126995,0.1,0.1414141414141414,0.08367506589965276,0.0975016835016835,0.05622222222222222,0.004674300721617189,0.0024983164983164996,0.08519191919191918,0.0414141414141414,true,true
25,55_64|man|college_trades,4,0.06622061572346319,0.07,0.16161616161616163,0.017985585393303586,0.07280808080808081,0.07701010101010101,0.048235030330159606,-0.002808080808080801,0.08460606060606062,0.09161616161616162,true,true
25,55_64|man|college_trades,5,0.0,0.14,0.030303030303030304,0.022750057513653388,0.048781144781144786,0.03342087542087543,-0.022750057513653388,0.09121885521885523,-0.0031178451178451236,-0.10969696969696971,true,true
25,55_64|man|high_school,-8,0.0,0.0,0.010101010101010102,0.003361299615967281,0.0006666666666666666,0.004686868686868687,-0.003361299615967281,-0.0006666666666666666,0.005414141414141415,0.010101010101010102,true,false
25,55_64|man|high_school,-9,0.1350588307939286,0.01,0.050505050505050504,0.01748378102047062,0.004673400673400674,0.022074074074074076,0.11757504977345799,0.005326599326599326,0.02843097643097643,0.0405050505050505,true,true
25,55_64|man|high_school,1,0.18689679967838715,0.33,0.31313131313131315,0.38344367150366704,0.4041750841750842,0.4005387205387205,-0.19654687182527988,-0.07417508417508417,-0.08740740740740738,-0.016868686868686866,true,true
25,55_64|man|high_school,2,0.43204384600832735,0.34,0.42424242424242425,0.4713005390532853,0.37139393939393944,0.40604713804713805,-0.039256693044957935,-0.03139393939393942,0.01819528619528621,0.08424242424242423,true,false
25,55_64|man|high_school,3,0.1696120950725132,0.11,0.06060606060606061,0.08367506589965276,0.0975016835016835,0.05622222222222222,0.08593702917286045,0.012498316498316495,0.004383838383838386,-0.04939393939393939,true,false
25,55_64|man|high_school,4,0.0,0.15,0.13131313131313133,0.017985585393303586,0.07280808080808081,0.07701010101010101,-0.017985585393303586,0.07719191919191919,0.05430303030303031,-0.01868686868686867,true,true
25,55_64|man|high_school,5,0.07638842844684367,0.06,0.010101010101010102,0.022750057513653388,0.048781144781144786,0.03342087542087543,0.05363837093319028,0.011218855218855212,-0.023319865319865324,-0.049898989898989894,true,false
25,55_64|woman|bachelor,-8,0.022130620473007165,0.0,0.01,0.003361299615967281,0.0006666666666666666,0.004686868686868687,0.018769320857039883,-0.0006666666666666666,0.005313131313131313,0.01,true,true
25,55_64|woman|bachelor,-9,0.0,0.010101010101010102,0.05,0.01748378102047062,0.004673400673400674,0.022074074074074076,-0.01748378102047062,0.005427609427609428,0.027925925925925927,0.0398989898989899,true,false
25,55_64|woman|bachelor,1,0.44667653722655104,0.3939393939393939,0.34,0.38344367150366704,0.4041750841750842,0.4005387205387205,0.063232865722884,-0.010235690235690265,-0.0605387205387205,-0.0539393939393939,true,false
25,55_64|woman|bachelor,2,0.39575883247913113,0.3434343434343434,0.49,0.4713005390532853,0.37139393939393944,0.40604713804713805,-0.07554170657415415,-0.027959595959596018,0.08395286195286195,0.14656565656565657,true,false
25,55_64|woman|bachelor,3,0.0060324962241346345,0.08080808080808081,0.05,0.08367506589965276,0.0975016835016835,0.05622222222222222,-0.07764256967551812,-0.01669360269360269,-0.006222222222222219,-0.030808080808080812,true,true
25,55_64|woman|bachelor,4,0.12940151359717603,0.08080808080808081,0.04,0.017985585393303586,0.07280808080808081,0.07701010101010101,0.11141592820387244,0.008000000000000007,-0.037010101010101014,-0.040808080808080814,true,false
25,55_64|woman|bachelor,5,0.0,0.09090909090909091,0.02,0.022750057513653388,0.048781144781144786,0.03342087542087543,-0.022750057513653388,0.042127946127946125,-0.013420875420875427,-0.07090909090909091,true,true
25,55_64|woman|college_trades,-8,0.0,0.0,0.0,0.003361299615967281,0.0006666666666666666,0.004686868686868687,-0.003361299615967281,-0.0006666666666666666,-0.004686868686868687,0.0,true,false
25,55_64|woman|college_trades,-9,0.0,0.0,0.02,0.01748378102047062,0.004673400673400674,0.022074074074074076,-0.01748378102047062,-0.004673400673400674,-0.0020740740740740754,0.02,true,false
25,55_64|woman|college_trades,1,0.20855669387525402,0.36,0.32,0.38344367150366704,0.4041750841750842,0.4005387205387205,-0.17488697762841302,-0.0441750841750842,-0.08053872053872052,-0.03999999999999998,true,true
25,55_64|woman|college_trades,2,0.6001956803170408,0.4,0.43,0.4713005390532853,0.37139393939393944,0.40604713804713805,0.12889514126375556,0.02860606060606058,0.023952861952861948,0.02999999999999997,true,true
25,55_64|woman|college_trades,3,0.19124762580770507,0.14,0.06,0.08367506589965276,0.0975016835016835,0.05622222222222222,0.10757255990805231,0.04249831649831651,0.0037777777777777757,-0.08000000000000002,true,false
25,55_64|woman|college_trades,4,0.0,0.06,0.11,0.017985585393303586,0.07280808080808081,0.07701010101010101,-0.017985585393303586,-0.01280808080808081,0.032989898989898986,0.05,true,false
25,55_64|woman|college_trades,5,0.0,0.04,0.06,0.022750057513653388,0.048781144781144786,0.03342087542087543,-0.022750057513653388,-0.008781144781144785,0.02657912457912457,0.019999999999999997,true,false
25,65_74|man|above_bachelor,-8,0.0,0.0,0.0,0.003361299615967281,0.0006666666666666666,0.004686868686868687,-0.003361299615967281,-0.0006666666666666666,-0.004686868686868687,0.0,true,false
25,65_74|man|above_bachelor,-9,0.09942499004201422,0.0,0.02,0.01748378102047062,0.004673400673400674,0.022074074074074076,0.0819412090215436,-0.004673400673400674,-0.0020740740740740754,0.02,true,true
25,65_74|man|above_bachelor,1,0.6132657921778767,0.5,0.53,0.38344367150366704,0.4041750841750842,0.4005387205387205,0.22982212067420965,0.09582491582491581,0.1294612794612795,0.030000000000000027,true,true
25,65_74|man|above_bachelor,2,0.22519445460222123,0.29,0.37,0.4713005390532853,0.37139393939393944,0.40604713804713805,-0.24610608445106405,-0.08139393939393946,-0.03604713804713805,0.08000000000000002,true,false
25,65_74|man|above_bachelor,3,0.035715614356586975,0.13,0.01,0.08367506589965276,0.0975016835016835,0.05622222222222222,-0.04795945154306579,0.0324983164983165,-0.04622222222222222,-0.12000000000000001,true,true
25,65_74|man|above_bachelor,4,0.0,0.03,0.05,0.017985585393303586,0.07280808080808081,0.07701010101010101,-0.017985585393303586,-0.04280808080808081,-0.027010101010101012,0.020000000000000004,true,false
25,65_74|man|above_bachelor,5,0.026399148821300924,0.05,0.02,0.022750057513653388,0.048781144781144786,0.03342087542087543,0.003649091307647536,0.0012188552188552165,-0.013420875420875427,-0.030000000000000002,true,false
25,65_74|man|bachelor,-8,0.0,0.0,0.0,0.003361299615967281,0.0006666666666666666,0.004686868686868687,-0.003361299615967281,-0.0006666666666666666,-0.004686868686868687,0.0,true,false
25,65_74|man|bachelor,-9,0.0,0.0,0.020202020202020204,0.01748378102047062,0.004673400673400674,0.022074074074074076,-0.01748378102047062,-0.004673400673400674,-0.001872053872053872,0.020202020202020204,true,false
25,65_74|man|bachelor,1,0.4209260777365137,0.36,0.3939393939393939,0.38344367150366704,0.4041750841750842,0.4005387205387205,0.037482406232846655,-0.0441750841750842,-0.006599326599326605,0.033939393939393936,true,true
25,65_74|man|bachelor,2,0.5444619585881318,0.41,0.46464646464646464,0.4713005390532853,0.37139393939393944,0.40604713804713805,0.07316141953484656,0.03860606060606053,0.058599326599326595,0.054646464646464665,true,true
25,65_74|man|bachelor,3,0.03461196367535456,0.13,0.06060606060606061,0.08367506589965276,0.0975016835016835,0.05622222222222222,-0.0490631022242982,0.0324983164983165,0.004383838383838386,-0.0693939393939394,true,true
25,65_74|man|bachelor,4,0.0,0.07,0.030303030303030304,0.017985585393303586,0.07280808080808081,0.07701010101010101,-0.017985585393303586,-0.002808080808080801,-0.04670707070707071,-0.0396969696969697,true,true
25,65_74|man|bachelor,5,0.0,0.03,0.030303030303030304,0.022750057513653388,0.048781144781144786,0.03342087542087543,-0.022750057513653388,-0.018781144781144787,-0.0031178451178451236,0.000303030303030305,true,false
33,man|above_bachelor,1,0.15839093023402176,0.42857142857142855,0.3673469387755102,0.20284823107317845,0.4170660688517831,0.40694135229849515,-0.044457300839156694,0.011505359719645447,-0.03959441352298493,-0.061224489795918324,true,true
33,man|above_bachelor,2,0.11807405062416838,0.10204081632653061,0.15306122448979592,0.10478702393503979,0.09760874046588333,0.15873505462791176,0.013287026689128595,0.004432075860647283,-0.005673830138115843,0.05102040816326531,true,true
33,man|above_bachelor,3,0.45238084053129246,0.1836734693877551,0.1836734693877551,0.3194011852686413,0.20019068233353948,0.13219155844155844,0.13297965526265115,-0.01651721294578437,0.05148191094619667,0.0,true,false
33,man|above_bachelor,4,0.09404115547477715,0.01020408163265306,0.030612244897959183,0.11544304720896154,0.010113894042465472,0.04275329828901257,-0.021401891734184386,0.00009018759018758829,-0.01214105339105339,0.020408163265306124,true,false
33,man|above_bachelor,96,0.04208934910362251,0.02040816326530612,0.04081632653061224,0.01961146773311074,0.019029581529581528,0.040329828901257476,0.022477881370511772,0.0013785817357245926,0.00048649762935476515,0.02040816326530612,true,true
33,man|above_bachelor,97,0.04489564588294681,0.07142857142857142,0.10204081632653061,0.050370352927947865,0.10146103896103896,0.07303391053391053,-0.005474707045001054,-0.030032467532467536,0.02900690579262008,0.03061224489795919,true,false
33,man|above_bachelor,98,0.09012802814917092,0.15306122448979592,0.11224489795918367,0.16475507291536481,0.1342506699649557,0.11335034013605443,-0.07462704476619389,0.018810554524840234,-0.0011054421768707523,-0.04081632653061225,true,true
33,man|above_bachelor,99,0.0,0.030612244897959183,0.01020408163265306,0.022783618937755466,0.020279323850752422,0.032664656771799624,-0.022783618937755466,0.010332921047206761,-0.022460575139146566,-0.020408163265306124,true,true
33,man|college_trades,1,0.16342267932151117,0.4897959183673469,0.47,0.20284823107317845,0.4170660688517831,0.40694135229849515,-0.03942555175166729,0.07272984951556383,0.06305864770150482,-0.019795918367346954,true,true
33,man|college_trades,2,0.10679223550091652,0.08163265306122448,0.2,0.10478702393503979,0.09760874046588333,0.15873505462791176,0.0020052115658767272,-0.015976087404658848,0.041264945372088246,0.11836734693877553,true,true
33,man|college_trades,3,0.2692070681900723,0.23469387755102042,0.14,0.3194011852686413,0.20019068233353948,0.13219155844155844,-0.05019411707856902,0.034503195217480936,0.00780844155844157,-0.0946938775510204,true,true
33,man|college_trades,4,0.13244800861172193,0.0,0.04,0.11544304720896154,0.010113894042465472,0.04275329828901257,0.017004961402760393,-0.010113894042465472,-0.002753298289012572,0.04,true,true
33,man|college_trades,96,0.010866494933362019,0.02040816326530612,0.01,0.01961146773311074,0.019029581529581528,0.040329828901257476,-0.00874497279974872,0.0013785817357245926,-0.030329828901257475,-0.01040816326530612,true,true
33,man|college_trades,97,0.07322921956856591,0.08163265306122448,0.03,0.050370352927947865,0.10146103896103896,0.07303391053391053,0.02285886664061805,-0.019828385899814477,-0.043033910533910535,-0.051632653061224484,true,false
33,man|college_trades,98,0.17412668271676263,0.07142857142857142,0.07,0.16475507291536481,0.1342506699649557,0.11335034013605443,0.009371609801397812,-0.06282209853638426,-0.04335034013605442,-0.001428571428571418,true,false
33,man|college_trades,99,0.06990761115708757,0.02040816326530612,0.04,0.022783618937755466,0.020279323850752422,0.032664656771799624,0.04712399221933211,0.00012883941455369904,0.007335343228200376,0.01959183673469388,true,true
33,man|high_school,1,0.3284528240211959,0.48484848484848486,0.32,0.20284823107317845,0.4170660688517831,0.40694135229849515,0.12560459294801746,0.06778241599670176,-0.08694135229849514,-0.16484848484848486,true,false
33,man|high_school,2,0.13996845505919717,0.10101010101010101,0.16,0.10478702393503979,0.09760874046588333,0.15873505462791176,0.03518143112415738,0.003401360544217677,0.0012649453720882387,0.058989898989898995,true,true
33,man|high_school,3,0.2760471040010118,0.20202020202020202,0.24,0.3194011852686413,0.20019068233353948,0.13219155844155844,-0.04335408126762952,0.001829519686662534,0.10780844155844155,0.037979797979797975,true,false
33,man|high_school,4,0.09890593308388944,0.0,0.01,0.11544304720896154,0.010113894042465472,0.04275329828901257,-0.016537114125072097,-0.010113894042465472,-0.03275329828901257,0.01,true,false
33,man|high_school,96,0.0,0.020202020202020204,0.04,0.01961146773311074,0.019029581529581528,0.040329828901257476,-0.01961146773311074,0.0011724386724386755,-0.00032982890125747566,0.019797979797979797,true,false
33,man|high_school,97,0.06292014761935837,0.09090909090909091,0.1,0.050370352927947865,0.10146103896103896,0.07303391053391053,0.012549794691410501,-0.010551948051948049,0.02696608946608947,0.009090909090909094,true,true
33,man|high_school,98,0.08138948845585858,0.08080808080808081,0.09,0.16475507291536481,0.1342506699649557,0.11335034013605443,-0.08336558445950623,-0.05344258915687487,-0.02335034013605443,0.009191919191919182,true,false
33,man|high_school,99,0.012316047759488758,0.020202020202020204,0.04,0.022783618937755466,0.020279323850752422,0.032664656771799624,-0.010467571178266707,-0.00007730364873221804,0.007335343228200376,0.019797979797979797,true,false
33,man|no_diploma,1,0.20449385802414402,0.3979591836734694,0.5102040816326531,0.20284823107317845,0.4170660688517831,0.40694135229849515,0.0016456269509655674,-0.019106885178313715,0.10326272933415792,0.11224489795918369,true,true
33,man|no_diploma,2,0.1263984222024995,0.12244897959183673,0.25510204081632654,0.10478702393503979,0.09760874046588333,0.15873505462791176,0.02161139826745971,0.0248402391259534,0.09636698618841477,0.1326530612244898,true,true
33,man|no_diploma,3,0.32866072892894166,0.1326530612244898,0.10204081632653061,0.3194011852686413,0.20019068233353948,0.13219155844155844,0.009259543660300351,-0.06753762110904968,-0.03015074211502783,-0.03061224489795919,true,false
33,man|no_diploma,4,0.1542190304561842,0.0,0.0,0.11544304720896154,0.010113894042465472,0.04275329828901257,0.03877598324722267,-0.010113894042465472,-0.04275329828901257,0.0,true,false
33,man|no_diploma,96,0.049486485432787525,0.030612244897959183,0.02040816326530612,0.01961146773311074,0.019029581529581528,0.040329828901257476,0.029875017699676785,0.011582663368377655,-0.019921665635951356,-0.010204081632653062,true,false
33,man|no_diploma,97,0.03759459514291927,0.20408163265306123,0.04081632653061224,0.050370352927947865,0.10146103896103896,0.07303391053391053,-0.012775757785028596,0.10262059369202227,-0.03221758400329829,-0.163265306122449,true,true
33,man|no_diploma,98,0.05985641961529537,0.10204081632653061,0.061224489795918366,0.16475507291536481,0.1342506699649557,0.11335034013605443,-0.10489865330006945,-0.03220985363842507,-0.05212585034013606,-0.04081632653061225,true,true
33,man|no_diploma,99,0.03929046019722843,0.01020408163265306,0.01020408163265306,0.022783618937755466,0.020279323850752422,0.032664656771799624,0.016506841259472962,-0.010075242218099361,-0.022460575139146566,0.0,true,false
33,woman|above_bachelor,1,0.13071603947177526,0.40404040404040403,0.26262626262626265,0.20284823107317845,0.4170660688517831,0.40694135229849515,-0.07213219160140319,-0.013025664811379067,-0.1443150896722325,-0.14141414141414138,true,true
33,woman|above_bachelor,2,0.08648685742730355,0.10101010101010101,0.1111111111111111,0.10478702393503979,0.09760874046588333,0.15873505462791176,-0.018300166507736235,0.003401360544217677,-0.04762394351680066,0.010101010101010097,true,false
33,woman|above_bachelor,3,0.33638508166731507,0.2222222222222222,0.1414141414141414,0.3194011852686413,0.20019068233353948,0.13219155844155844,0.01698389639867376,0.022031539888682727,0.009222582972582966,-0.0808080808080808,true,false
33,woman|above_bachelor,4,0.07960787301626089,0.04040404040404041,0.030303030303030304,0.11544304720896154,0.010113894042465472,0.04275329828901257,-0.035835174192700645,0.030290146361574934,-0.012450267985982269,-0.010101010101010104,true,true
33,woman|above_bachelor,96,0.007610604244116899,0.010101010101010102,0.06060606060606061,0.01961146773311074,0.019029581529581528,0.040329828901257476,-0.012000863488993839,-0.008928571428571426,0.02027623170480313,0.050505050505050504,true,false
33,woman|above_bachelor,97,0.02190729389453062,0.06060606060606061,0.020202020202020204,0.050370352927947865,0.10146103896103896,0.07303391053391053,-0.028463059033417244,-0.04085497835497835,-0.05283189033189033,-0.0404040404040404,true,true
33,woman|above_bachelor,98,0.31794527802837164,0.12121212121212122,0.30303030303030304,0.16475507291536481,0.1342506699649557,0.11335034013605443,0.15319020511300682,-0.013038548752834472,0.1896799628942486,0.18181818181818182,true,true
33,woman|above_bachelor,99,0.01934097225032606,0.04040404040404041,0.0707070707070707,0.022783618937755466,0.020279323850752422,0.032664656771799624,-0.0034426466874294057,0.020124716553287986,0.03804241393527108,0.030303030303030297,true,false
33,woman|college_trades,1,0.26965102894887594,0.35353535353535354,0.5353535353535354,0.20284823107317845,0.4170660688517831,0.40694135229849515,0.06680279787569748,-0.06353071531642956,0.1284121830550402,0.18181818181818182,true,true
33,woman|college_trades,2,0.07443136520989795,0.050505050505050504,0.06060606060606061,0.10478702393503979,0.09760874046588333,0.15873505462791176,-0.030355658725141843,-0.04710368996083283,-0.09812899402185116,0.010101010101010104,true,false
33,woman|college_trades,3,0.25340710151385937,0.31313131313131315,0.04040404040404041,0.3194011852686413,0.20019068233353948,0.13219155844155844,-0.06599408375478194,0.11294063079777367,-0.09178751803751803,-0.27272727272727276,true,true
33,woman|college_trades,4,0.15985353379496872,0.020202020202020204,0.1111111111111111,0.11544304720896154,0.010113894042465472,0.04275329828901257,0.044410486586007186,0.010088126159554732,0.06835781282209853,0.0909090909090909,true,true
33,woman|college_trades,96,0.0,0.010101010101010102,0.08080808080808081,0.01961146773311074,0.019029581529581528,0.040329828901257476,-0.01961146773311074,-0.008928571428571426,0.04047825190682334,0.07070707070707072,true,false
33,woman|college_trades,97,0.06330582124689443,0.050505050505050504,0.12121212121212122,0.050370352927947865,0.10146103896103896,0.07303391053391053,0.012935468318946569,-0.050955988455988456,0.04817821067821068,0.07070707070707072,true,true
33,woman|college_trades,98,0.15799488169693326,0.18181818181818182,0.030303030303030304,0.16475507291536481,0.1342506699649557,0.11335034013605443,-0.006760191218431549,0.047567511853226135,-0.08304730983302412,-0.15151515151515152,true,true
33,woman|college_trades,99,0.021356267588570278,0.020202020202020204,0.020202020202020204,0.022783618937755466,0.020279323850752422,0.032664656771799624,-0.001427351349185188,-0.00007730364873221804,-0.01246263656977942,0.0,true,false
33,woman|high_school,1,0.24475446881731877,0.4444444444444444,0.45,0.20284823107317845,0.4170660688517831,0.40694135229849515,0.04190623774414032,0.02737837559266132,0.04305864770150486,0.005555555555555591,true,true
33,woman|high_school,2,0.07807031217635935,0.09090909090909091,0.15,0.10478702393503979,0.09760874046588333,0.15873505462791176,-0.026716711758680442,-0.00669964955679242,-0.00873505462791177,0.05909090909090908,true,false
33,woman|high_school,3,0.2512865761536799,0.18181818181818182,0.11,0.3194011852686413,0.20019068233353948,0.13219155844155844,-0.06811460911496142,-0.01837250051535766,-0.022191558441558443,-0.07181818181818182,true,true
33,woman|high_school,4,0.07539158400200754,0.0,0.08,0.11544304720896154,0.010113894042465472,0.04275329828901257,-0.04005146320695399,-0.010113894042465472,0.03724670171098743,0.08,true,false
33,woman|high_school,96,0.016390292113381624,0.020202020202020204,0.03,0.01961146773311074,0.019029581529581528,0.040329828901257476,-0.003221175619729115,0.0011724386724386755,-0.010329828901257478,0.009797979797979795,true,false
33,woman|high_school,97,0.06285546095584292,0.1111111111111111,0.09,0.050370352927947865,0.10146103896103896,0.07303391053391053,0.012485108027895056,0.009650072150072145,0.016966089466089462,-0.02111111111111111,true,false
33,woman|high_school,98,0.26399942043150215,0.13131313131313133,0.05,0.16475507291536481,0.1342506699649557,0.11335034013605443,0.09924434751613734,-0.002937538651824362,-0.06335034013605442,-0.08131313131313132,true,false
33,woman|high_school,99,0.007251885349907811,0.020202020202020204,0.04,0.022783618937755466,0.020279323850752422,0.032664656771799624,-0.015531733587847655,-0.00007730364873221804,0.007335343228200376,0.019797979797979797,true,false
33,woman|no_diploma,1,0.12290401974658485,0.3333333333333333,0.34,0.20284823107317845,0.4170660688517831,0.40694135229849515,-0.0799442113265936,-0.08373273551844979,-0.06694135229849513,0.00666666666666671,true,false
33,woman|no_diploma,2,0.1080744932799759,0.13131313131313133,0.18,0.10478702393503979,0.09760874046588333,0.15873505462791176,0.0032874693449361087,0.033704390847247995,0.02126494537208823,0.04868686868686867,true,true
33,woman|no_diploma,3,0.3878349811629581,0.13131313131313133,0.1,0.3194011852686413,0.20019068233353948,0.13219155844155844,0.0684337958943168,-0.06887755102040816,-0.03219155844155844,-0.03131313131313132,true,false
33,woman|no_diploma,4,0.1290772592318824,0.010101010101010102,0.04,0.11544304720896154,0.010113894042465472,0.04275329828901257,0.013634212022920866,-0.000012883941455370251,-0.002753298289012572,0.029898989898989897,true,true
33,woman|no_diploma,96,0.030448516037615347,0.020202020202020204,0.04,0.01961146773311074,0.019029581529581528,0.040329828901257476,0.010837048304504607,0.0011724386724386755,-0.00032982890125747566,0.019797979797979797,true,true
33,woman|no_diploma,97,0.036254639112524564,0.1414141414141414,0.08,0.050370352927947865,0.10146103896103896,0.07303391053391053,-0.0141157138154233,0.03995310245310245,0.006966089466089467,-0.06141414141414141,true,true
33,woman|no_diploma,98,0.17260038422902405,0.23232323232323232,0.19,0.16475507291536481,0.1342506699649557,0.11335034013605443,0.007845311313659231,0.09807256235827663,0.07664965986394558,-0.04232323232323232,true,false
33,woman|no_diploma,99,0.01280570719943481,0.0,0.03,0.022783618937755466,0.020279323850752422,0.032664656771799624,-0.009977911738320655,-0.020279323850752422,-0.0026646567717996256,0.03,true,false
40,25_34|man|bachelor,-8,0.0,0.010309278350515464,0.07142857142857142,0.018659363754003927,0.017722974354938196,0.02157535950639399,-0.018659363754003927,-0.007413696004422732,0.04985321192217743,0.06111929307805596,true,false
40,25_34|man|bachelor,-9,0.05206277921841271,0.18556701030927836,0.1836734693877551,0.10510274192167968,0.152790647978805,0.1997330802749522,-0.05303996270326697,0.032776362330473346,-0.016059610887197096,-0.0018935409215232457,true,true
40,25_34|man|bachelor,1,0.4759309950585671,0.24742268041237114,0.1836734693877551,0.3128177397119662,0.2454086069895323,0.18124162099531557,0.16311325534660093,0.0020140734228388524,0.0024318483924395395,-0.06374921102461603,true,false
40,25_34|man|bachelor,2,0.3782567343534852,0.4536082474226804,0.2653061224489796,0.3688446778668576,0.4740176117846119,0.3565766745569701,0.009412056486627629,-0.02040936436193147,-0.09127055210799051,-0.1883021249737008,true,false
40,25_34|man|bachelor,3,0.033257442371904374,0.05154639175257732,0.08163265306122448,0.08227465548639713,0.036466647803806915,0.04276828808848514,-0.04901721311449276,0.015079743948770402,0.038864364972739346,0.030086261308647166,true,false
40,25_34|man|bachelor,4,0.0,0.0,0.0,0.012996684935830933,0.003458725182863114,0.006234832490990126,-0.012996684935830933,-0.003458725182863114,-0.006234832490990126,0.0,true,false
40,25_34|man|bachelor,5,0.0342619877524171,0.010309278350515464,0.05102040816326531,0.020648870242403368,0.007628361797271451,0.03955871167693827,0.013613117510013734,0.0026809165532440124,0.011461696486327035,0.040711129812749845,true,true
40,25_34|man|bachelor,6,0.0,0.010309278350515464,0.0,0.019824929041562335,0.013176880055149316,0.01464028035456607,-0.019824929041562335,-0.002867601704633852,-0.01464028035456607,-0.010309278350515464,true,true
40,25_34|man|bachelor,7,0.0,0.0,0.0,0.005336809182209792,0.002776107308127013,0.001386347642505278,-0.005336809182209792,-0.002776107308127013,-0.001386347642505278,0.0,true,false
40,25_34|man|bachelor,8,0.0262300612452135,0.030927835051546393,0.16326530612244897,0.053493527857088996,0.04655343674489477,0.13628480441288324,-0.027263466611875495,-0.015625601693348375,0.02698050170956573,0.13233747107090257,true,false
40,25_34|man|college_trades,-8,0.0,0.04040404040404041,0.020202020202020204,0.018659363754003927,0.017722974354938196,0.02157535950639399,-0.018659363754003927,0.02268106604910221,-0.0013733393043737878,-0.020202020202020204,true,true
40,25_34|man|college_trades,-9,0.020274415410880577,0.16161616161616163,0.09090909090909091,0.10510274192167968,0.152790647978805,0.1997330802749522,-0.0848283265107991,0.008825513637356619,-0.1088239893658613,-0.07070707070707072,true,true
40,25_34|man|college_trades,1,0.31060497803382614,0.30303030303030304,0.2222222222222222,0.3128177397119662,0.2454086069895323,0.18124162099531557,-0.0022127616781400516,0.05762169604077075,0.04098060122690664,-0.08080808080808083,true,true
40,25_34|man|college_trades,2,0.4520867315794038,0.37373737373737376,0.43434343434343436,0.3688446778668576,0.4740176117846119,0.3565766745569701,0.08324205371254623,-0.10028023804723812,0.07776675978646425,0.06060606060606061,true,true
40,25_34|man|college_trades,3,0.16006023229794017,0.050505050505050504,0.020202020202020204,0.08227465548639713,0.036466647803806915,0.04276828808848514,0.07778557681154304,0.01403840270124359,-0.022566267886464934,-0.0303030303030303,true,false
40,25_34|man|college_trades,4,0.0,0.0,0.010101010101010102,0.012996684935830933,0.003458725182863114,0.006234832490990126,-0.012996684935830933,-0.003458725182863114,0.0038661776100199757,0.010101010101010102,true,false
40,25_34|man|college_trades,5,0.04379758115518313,0.0,0.04040404040404041,0.020648870242403368,0.007628361797271451,0.03955871167693827,0.023148710912779764,-0.007628361797271451,0.0008453287271021348,0.04040404040404041,true,true
40,25_34|man|college_trades,6,0.013176061522766118,0.020202020202020204,0.010101010101010102,0.019824929041562335,0.013176880055149316,0.01464028035456607,-0.006648867518796217,0.007025140146870888,-0.004539270253555968,-0.010101010101010102,true,true
40,25_34|man|college_trades,7,0.0,0.0,0.0,0.005336809182209792,0.002776107308127013,0.001386347642505278,-0.005336809182209792,-0.002776107308127013,-0.001386347642505278,0.0,true,false
40,25_34|man|college_trades,8,0.0,0.050505050505050504,0.15151515151515152,0.053493527857088996,0.04655343674489477,0.13628480441288324,-0.053493527857088996,0.003951613760155737,0.015230347102268282,0.10101010101010102,true,false
40,25_34|man|high_school,-8,0.0,0.010101010101010102,0.030303030303030304,0.018659363754003927,0.017722974354938196,0.02157535950639399,-0.018659363754003927,-0.007621964253928094,0.008727670796636312,0.0202020202020202,true,false
40,25_34|man|high_school,-9,0.0797254937237737,0.18181818181818182,0.1111111111111111,0.10510274192167968,0.152790647978805,0.1997330802749522,-0.025377248197905974,0.029027533839376812,-0.0886219691638411,-0.07070707070707072,true,true
40,25_34|man|high_school,1,0.08156727111506852,0.2222222222222222,0.13131313131313133,0.3128177397119662,0.2454086069895323,0.18124162099531557,-0.23125046859689768,-0.02318638476731008,-0.049928489682184246,-0.09090909090909088,true,true
40,25_34|man|high_school,2,0.6780198015063779,0.45454545454545453,0.5555555555555556,0.3688446778668576,0.4740176117846119,0.3565766745569701,0.30917512363952027,-0.01947215723915735,0.19897888099858546,0.10101010101010105,true,true
40,25_34|man|high_school,3,0.0,0.020202020202020204,0.010101010101010102,0.08227465548639713,0.036466647803806915,0.04276828808848514,-0.08227465548639713,-0.01626462760178671,-0.032667277987475034,-0.010101010101010102,true,true
40,25_34|man|high_school,4,0.0,0.0,0.0,0.012996684935830933,0.003458725182863114,0.006234832490990126,-0.012996684935830933,-0.003458725182863114,-0.006234832490990126,0.0,true,false
40,25_34|man|high_school,5,0.0,0.010101010101010102,0.0,0.020648870242403368,0.007628361797271451,0.03955871167693827,-0.020648870242403368,0.0024726483037386506,-0.03955871167693827,-0.010101010101010102,true,true
40,25_34|man|high_school,6,0.0,0.010101010101010102,0.0,0.019824929041562335,0.013176880055149316,0.01464028035456607,-0.019824929041562335,-0.003075869954139214,-0.01464028035456607,-0.010101010101010102,true,true
40,25_34|man|high_school,7,0.03804236364003451,0.0,0.0,0.005336809182209792,0.002776107308127013,0.001386347642505278,0.03270555445782471,-0.002776107308127013,-0.001386347642505278,0.0,true,false
40,25_34|man|high_school,8,0.1226450700147453,0.09090909090909091,0.16161616161616163,0.053493527857088996,0.04655343674489477,0.13628480441288324,0.0691515421576563,0.044355654164196144,0.025331357203278393,0.07070707070707072,true,true
40,25_34|woman|bachelor,-8,0.036654822335737004,0.04081632653061224,0.02,0.018659363754003927,0.017722974354938196,0.02157535950639399,0.017995458581733077,0.023093352175674046,-0.0015753595063939911,-0.02081632653061224,true,false
40,25_34|woman|bachelor,-9,0.2634623782009918,0.22448979591836735,0.27,0.10510274192167968,0.152790647978805,0.1997330802749522,0.1583596362793121,0.07169914793956234,0.07026691972504781,0.04551020408163267,true,true
40,25_34|woman|bachelor,1,0.2242126206466621,0.32653061224489793,0.18,0.3128177397119662,0.2454086069895323,0.18124162099531557,-0.0886051190653041,0.08112200525536564,-0.0012416209953155788,-0.14653061224489794,true,true
40,25_34|woman|bachelor,2,0.3176653955293732,0.29591836734693877,0.12,0.3688446778668576,0.4740176117846119,0.3565766745569701,-0.05117928233748442,-0.1780992444376731,-0.23657667455697012,-0.17591836734693878,true,true
40,25_34|woman|bachelor,3,0.07464145201197624,0.061224489795918366,0.14,0.08227465548639713,0.036466647803806915,0.04276828808848514,-0.0076332034744208965,0.02475784199211145,0.09723171191151488,0.07877551020408165,true,false
40,25_34|woman|bachelor,4,0.0,0.0,0.0,0.012996684935830933,0.003458725182863114,0.006234832490990126,-0.012996684935830933,-0.003458725182863114,-0.006234832490990126,0.0,true,false
40,25_34|woman|bachelor,5,0.028222523139477144,0.01020408163265306,0.11,0.020648870242403368,0.007628361797271451,0.03955871167693827,0.0075736528970737765,0.002575719835381609,0.07044128832306173,0.09979591836734694,true,true
40,25_34|woman|bachelor,6,0.028222523139477144,0.0,0.02,0.019824929041562335,0.013176880055149316,0.01464028035456607,0.00839759409791481,-0.013176880055149316,0.005359719645433931,0.02,true,true
40,25_34|woman|bachelor,7,0.0,0.0,0.0,0.005336809182209792,0.002776107308127013,0.001386347642505278,-0.005336809182209792,-0.002776107308127013,-0.001386347642505278,0.0,true,false
40,25_34|woman|bachelor,8,0.02691828499630529,0.04081632653061224,0.14,0.053493527857088996,0.04655343674489477,0.13628480441288324,-0.026575242860783707,-0.005737110214282526,0.0037151955871167763,0.09918367346938778,true,false
40,35_44|man|above_bachelor,-8,0.0,0.0,0.030612244897959183,0.018659363754003927,0.017722974354938196,0.02157535950639399,-0.018659363754003927,-0.017722974354938196,0.009036885391565191,0.030612244897959183,true,false
40,35_44|man|above_bachelor,-9,0.0,0.12121212121212122,0.23469387755102042,0.10510274192167968,0.152790647978805,0.1997330802749522,-0.10510274192167968,-0.031578526766683795,0.03496079727606821,0.1134817563388992,true,false
40,35_44|man|above_bachelor,1,0.6419628271489695,0.31313131313131315,0.16326530612244897,0.3128177397119662,0.2454086069895323,0.18124162099531557,0.32914508743700327,0.06772270614178086,-0.017976314872866606,-0.14986600700886418,true,false
40,35_44|man|above_bachelor,2,0.18454816503646823,0.43434343434343436,0.30612244897959184,0.3688446778668576,0.4740176117846119,0.3565766745569701,-0.18429651283038936,-0.039674177441177516,-0.050454225577378276,-0.12822098536384252,true,true
40,35_44|man|above_bachelor,3,0.0,0.020202020202020204,0.16326530612244897,0.08227465548639713,0.036466647803806915,0.04276828808848514,-0.08227465548639713,-0.01626462760178671,0.12049701803396383,0.14306328592042877,true,false
40,35_44|man|above_bachelor,4,0.0,0.0,0.0,0.012996684935830933,0.003458725182863114,0.006234832490990126,-0.012996684935830933,-0.003458725182863114,-0.006234832490990126,0.0,true,false
40,35_44|man|above_bachelor,5,0.08579578222009641,0.0,0.030612244897959183,0.020648870242403368,0.007628361797271451,0.03955871167693827,0.06514691197769304,-0.007628361797271451,-0.00894646677897909,0.030612244897959183,true,true
40,35_44|man|above_bachelor,6,0.0876932255944659,0.030303030303030304,0.02040816326530612,0.019824929041562335,0.013176880055149316,0.01464028035456607,0.06786829655290358,0.017126150247880986,0.005767882910740051,-0.009894867037724183,true,false
40,35_44|man|above_bachelor,7,0.0,0.0,0.0,0.005336809182209792,0.002776107308127013,0.001386347642505278,-0.005336809182209792,-0.002776107308127013,-0.001386347642505278,0.0,true,false
40,35_44|man|above_bachelor,8,0.0,0.08080808080808081,0.05102040816326531,0.053493527857088996,0.04655343674489477,0.13628480441288324,-0.053493527857088996,0.03425464406318605,-0.08526439624961793,-0.029787672644815508,true,true
40,35_44|man|bachelor,-8,0.0,0.010101010101010102,0.03,0.018659363754003927,0.017722974354938196,0.02157535950639399,-0.018659363754003927,-0.007621964253928094,0.008424640493606007,0.019898989898989895,true,false
40,35_44|man|bachelor,-9,0.14183012724900657,0.1717171717171717,0.11,0.10510274192167968,0.152790647978805,0.1997330802749522,0.03672738532732689,0.018926523738366702,-0.0897330802749522,-0.06171717171717171,true,false
40,35_44|man|bachelor,1,0.37798910971730604,0.2222222222222222,0.4,0.3128177397119662,0.2454086069895323,0.18124162099531557,0.06517137000533985,-0.02318638476731008,0.21875837900468445,0.1777777777777778,true,true
40,35_44|man|bachelor,2,0.38326900494724914,0.5050505050505051,0.16,0.3688446778668576,0.4740176117846119,0.3565766745569701,0.014424327080391541,0.031032893265893202,-0.19657667455697012,-0.34505050505050505,true,false
40,35_44|man|bachelor,3,0.025982187984222718,0.04040404040404041,0.13,0.08227465548639713,0.036466647803806915,0.04276828808848514,-0.05629246750217441,0.003937392600233493,0.08723171191151487,0.08959595959595959,true,false
40,35_44|man|bachelor,4,0.046148088392361473,0.010101010101010102,0.01,0.012996684935830933,0.003458725182863114,0.006234832490990126,0.03315140345653054,0.006642284918146987,0.003765167509009874,-0.00010101010101010166,true,false
40,35_44|man|bachelor,5,0.024781481709854065,0.0,0.1,0.020648870242403368,0.007628361797271451,0.03955871167693827,0.0041326114674506975,-0.007628361797271451,0.06044128832306173,0.1,true,true
40,35_44|man|bachelor,6,0.0,0.0,0.0,0.019824929041562335,0.013176880055149316,0.01464028035456607,-0.019824929041562335,-0.013176880055149316,-0.01464028035456607,0.0,true,false
40,35_44|man|bachelor,7,0.0,0.0,0.01,0.005336809182209792,0.002776107308127013,0.001386347642505278,-0.005336809182209792,-0.002776107308127013,0.008613652357494722,0.01,true,false
40,35_44|man|bachelor,8,0.0,0.04040404040404041,0.05,0.053493527857088996,0.04655343674489477,0.13628480441288324,-0.053493527857088996,-0.00614939634085436,-0.08628480441288323,0.009595959595959595,true,false
40,35_44|man|college_trades,-8,0.0035591453903557387,0.0,0.02,0.018659363754003927,0.017722974354938196,0.02157535950639399,-0.015100218363648188,-0.017722974354938196,-0.0015753595063939911,0.02,true,false
40,35_44|man|college_trades,-9,0.13314388542350697,0.14,0.33,0.10510274192167968,0.152790647978805,0.1997330802749522,0.028041143501827293,-0.012790647978804998,0.1302669197250478,0.19,true,true
40,35_44|man|college_trades,1,0.0838186696328602,0.2,0.08,0.3128177397119662,0.2454086069895323,0.18124162099531557,-0.228999070079106,-0.04540860698953228,-0.10124162099531557,-0.12000000000000001,true,true
40,35_44|man|college_trades,2,0.5575878436854572,0.5,0.39,0.3688446778668576,0.4740176117846119,0.3565766745569701,0.18874316581859962,0.02598238821538812,0.033423325443029894,-0.10999999999999999,true,false
40,35_44|man|college_trades,3,0.0,0.05,0.03,0.08227465548639713,0.036466647803806915,0.04276828808848514,-0.08227465548639713,0.013533352196193088,-0.012768288088485139,-0.020000000000000004,true,true
40,35_44|man|college_trades,4,0.0,0.0,0.01,0.012996684935830933,0.003458725182863114,0.006234832490990126,-0.012996684935830933,-0.003458725182863114,0.003765167509009874,0.01,true,false
40,35_44|man|college_trades,5,0.03338708492430846,0.01,0.02,0.020648870242403368,0.007628361797271451,0.03955871167693827,0.012738214681905093,0.002371638202728549,-0.019558711676938272,0.01,true,true
40,35_44|man|college_trades,6,0.06217344726556866,0.04,0.0,0.019824929041562335,0.013176880055149316,0.01464028035456607,0.04234851822400632,0.026823119944850683,-0.01464028035456607,-0.04,true,false
40,35_44|man|college_trades,7,0.0,0.01,0.0,0.005336809182209792,0.002776107308127013,0.001386347642505278,-0.005336809182209792,0.007223892691872987,-0.001386347642505278,-0.01,true,true
40,35_44|man|college_trades,8,0.12632992367794282,0.05,0.12,0.053493527857088996,0.04655343674489477,0.13628480441288324,0.07283639582085383,0.0034465632551052353,-0.01628480441288324,0.06999999999999999,true,true
40,35_44|man|high_school,-8,0.03567749908114035,0.02,0.0,0.018659363754003927,0.017722974354938196,0.02157535950639399,0.017018135327136426,0.0022770256450618045,-0.02157535950639399,-0.02,true,false
40,35_44|man|high_school,-9,0.06822336054891348,0.14,0.15,0.10510274192167968,0.152790647978805,0.1997330802749522,-0.036879381372766196,-0.012790647978804998,-0.04973308027495221,0.009999999999999981,true,false
40,35_44|man|high_school,1,0.13175921234719493,0.3,0.04,0.3128177397119662,0.2454086069895323,0.18124162099531557,-0.18105852736477127,0.0545913930104677,-0.14124162099531556,-0.26,true,true
40,35_44|man|high_school,2,0.476866882228251,0.43,0.73,0.3688446778668576,0.4740176117846119,0.3565766745569701,0.10802220436139343,-0.04401761178461189,0.37342332544302986,0.3,true,true
40,35_44|man|high_school,3,0.14227779575922403,0.03,0.01,0.08227465548639713,0.036466647803806915,0.04276828808848514,0.060003140272826896,-0.006466647803806916,-0.032768288088485135,-0.019999999999999997,true,false
40,35_44|man|high_school,4,0.0664386577240121,0.0,0.01,0.012996684935830933,0.003458725182863114,0.006234832490990126,0.053441972788181163,-0.003458725182863114,0.003765167509009874,0.01,true,true
40,35_44|man|high_school,5,0.0,0.0,0.02,0.020648870242403368,0.007628361797271451,0.03955871167693827,-0.020648870242403368,-0.007628361797271451,-0.019558711676938272,0.02,true,false
40,35_44|man|high_school,6,0.0,0.03,0.0,0.019824929041562335,0.013176880055149316,0.01464028035456607,-0.019824929041562335,0.01682311994485068,-0.01464028035456607,-0.03,true,true
40,35_44|man|high_school,7,0.003803309174249268,0.0,0.0,0.005336809182209792,0.002776107308127013,0.001386347642505278,-0.0015335000079605239,-0.002776107308127013,-0.001386347642505278,0.0,true,false
40,35_44|man|high_school,8,0.07495328313701478,0.05,0.04,0.053493527857088996,0.04655343674489477,0.13628480441288324,0.021459755279925788,0.0034465632551052353,-0.09628480441288323,-0.010000000000000002,true,false
40,35_44|woman|above_bachelor,-8,0.0,0.02,0.03,0.018659363754003927,0.017722974354938196,0.02157535950639399,-0.018659363754003927,0.0022770256450618045,0.008424640493606007,0.009999999999999998,true,false
40,35_44|woman|above_bachelor,-9,0.004496489528731506,0.15,0.32,0.10510274192167968,0.152790647978805,0.1997330802749522,-0.10060625239294817,-0.0027906479788050165,0.1202669197250478,0.17,true,false
40,35_44|woman|above_bachelor,1,0.399126605207869,0.31,0.3,0.3128177397119662,0.2454086069895323,0.18124162099531557,0.08630886549590283,0.06459139301046771,0.11875837900468442,-0.010000000000000009,true,false
40,35_44|woman|above_bachelor,2,0.17816433905815968,0.4,0.14,0.3688446778668576,0.4740176117846119,0.3565766745569701,-0.19068033880869792,-0.07401761178461186,-0.2165766745569701,-0.26,true,true
40,35_44|woman|above_bachelor,3,0.4182125662052399,0.04,0.04,0.08227465548639713,0.036466647803806915,0.04276828808848514,0.33593791071884277,0.003533352196193086,-0.0027682880884851366,0.0,true,false
40,35_44|woman|above_bachelor,4,0.0,0.0,0.01,0.012996684935830933,0.003458725182863114,0.006234832490990126,-0.012996684935830933,-0.003458725182863114,0.003765167509009874,0.01,true,false
40,35_44|woman|above_bachelor,5,0.0,0.0,0.03,0.020648870242403368,0.007628361797271451,0.03955871167693827,-0.020648870242403368,-0.007628361797271451,-0.009558711676938274,0.03,true,false
40,35_44|woman|above_bachelor,6,0.0,0.01,0.0,0.019824929041562335,0.013176880055149316,0.01464028035456607,-0.019824929041562335,-0.0031768800551493157,-0.01464028035456607,-0.01,true,true
40,35_44|woman|above_bachelor,7,0.0,0.01,0.0,0.005336809182209792,0.002776107308127013,0.001386347642505278,-0.005336809182209792,0.007223892691872987,-0.001386347642505278,-0.01,true,true
40,35_44|woman|above_bachelor,8,0.0,0.06,0.13,0.053493527857088996,0.04655343674489477,0.13628480441288324,-0.053493527857088996,0.01344656325510523,-0.0062848044128832325,0.07,true,false
40,35_44|woman|bachelor,-8,0.05722414298794452,0.010101010101010102,0.04040404040404041,0.018659363754003927,0.017722974354938196,0.02157535950639399,0.03856477923394059,-0.007621964253928094,0.018828680897646416,0.030303030303030304,true,true
40,35_44|woman|bachelor,-9,0.06424502549231079,0.15151515151515152,0.1717171717171717,0.10510274192167968,0.152790647978805,0.1997330802749522,-0.04085771642936889,-0.0012754964636534916,-0.028015908557780494,0.020202020202020193,true,false
40,35_44|woman|bachelor,1,0.36944206008640534,0.30303030303030304,0.13131313131313133,0.3128177397119662,0.2454086069895323,0.18124162099531557,0.05662432037443915,0.05762169604077075,-0.049928489682184246,-0.1717171717171717,true,false
40,35_44|woman|bachelor,2,0.1716935118953463,0.3838383838383838,0.3939393939393939,0.3688446778668576,0.4740176117846119,0.3565766745569701,-0.1971511659715113,-0.09017922794622807,0.037362719382423804,0.01010101010101011,true,false
40,35_44|woman|bachelor,3,0.26995843066512404,0.08080808080808081,0.04040404040404041,0.08227465548639713,0.036466647803806915,0.04276828808848514,0.18768377517872692,0.0443414330042739,-0.00236424768444473,-0.04040404040404041,true,false
40,35_44|woman|bachelor,4,0.04314527679719248,0.0,0.0,0.012996684935830933,0.003458725182863114,0.006234832490990126,0.030148591861361547,-0.003458725182863114,-0.006234832490990126,0.0,true,false
40,35_44|woman|bachelor,5,0.0,0.0,0.06060606060606061,0.020648870242403368,0.007628361797271451,0.03955871167693827,-0.020648870242403368,-0.007628361797271451,0.021047348929122335,0.06060606060606061,true,false
40,35_44|woman|bachelor,6,0.024291552075676646,0.010101010101010102,0.010101010101010102,0.019824929041562335,0.013176880055149316,0.01464028035456607,0.0044666230341143115,-0.003075869954139214,-0.004539270253555968,0.0,true,false
40,35_44|woman|bachelor,7,0.0,0.010101010101010102,0.0,0.005336809182209792,0.002776107308127013,0.001386347642505278,-0.005336809182209792,0.0073249027928830885,-0.001386347642505278,-0.010101010101010102,true,true
40,35_44|woman|bachelor,8,0.0,0.050505050505050504,0.15151515151515152,0.053493527857088996,0.04655343674489477,0.13628480441288324,-0.053493527857088996,0.003951613760155737,0.015230347102268282,0.10101010101010102,true,false
40,45_54|man|bachelor,-8,0.0,0.020202020202020204,0.050505050505050504,0.018659363754003927,0.017722974354938196,0.02157535950639399,-0.018659363754003927,0.002479045847082008,0.028929690998656513,0.0303030303030303,true,false
40,45_54|man|bachelor,-9,0.022377528457512556,0.06060606060606061,0.1414141414141414,0.10510274192167968,0.152790647978805,0.1997330802749522,-0.08272521346416711,-0.0921845873727444,-0.0583189388608108,0.0808080808080808,true,false
40,45_54|man|bachelor,1,0.5354153369633371,0.2727272727272727,0.1919191919191919,0.3128177397119662,0.2454086069895323,0.18124162099531557,0.2225975972513709,0.027318665737740416,0.010677570923876334,-0.0808080808080808,true,false
40,45_54|man|bachelor,2,0.3337663751649128,0.5050505050505051,0.3838383838383838,0.3688446778668576,0.4740176117846119,0.3565766745569701,-0.035078302701944786,0.031032893265893202,0.027261709281413693,-0.12121212121212127,true,true
40,45_54|man|bachelor,3,0.096927442016328,0.010101010101010102,0.010101010101010102,0.08227465548639713,0.036466647803806915,0.04276828808848514,0.014652786529930864,-0.02636563770279681,-0.032667277987475034,0.0,true,false
40,45_54|man|bachelor,4,0.0,0.010101010101010102,0.0,0.012996684935830933,0.003458725182863114,0.006234832490990126,-0.012996684935830933,0.006642284918146987,-0.006234832490990126,-0.010101010101010102,true,true
40,45_54|man|bachelor,5,0.0027698662646953955,0.0,0.050505050505050504,0.020648870242403368,0.007628361797271451,0.03955871167693827,-0.01787900397770797,-0.007628361797271451,0.010946338828112231,0.050505050505050504,true,false
40,45_54|man|bachelor,6,0.0,0.030303030303030304,0.020202020202020204,0.019824929041562335,0.013176880055149316,0.01464028035456607,-0.019824929041562335,0.017126150247880986,0.005561739847454134,-0.0101010101010101,true,true
40,45_54|man|bachelor,7,0.0,0.010101010101010102,0.0,0.005336809182209792,0.002776107308127013,0.001386347642505278,-0.005336809182209792,0.0073249027928830885,-0.001386347642505278,-0.010101010101010102,true,true
40,45_54|man|bachelor,8,0.00874345113321417,0.08080808080808081,0.15151515151515152,0.053493527857088996,0.04655343674489477,0.13628480441288324,-0.04475007672387483,0.03425464406318605,0.015230347102268282,0.0707070707070707,true,false
40,45_54|man|college_trades,-8,0.0,0.01,0.01020408163265306,0.018659363754003927,0.017722974354938196,0.02157535950639399,-0.018659363754003927,-0.007722974354938196,-0.011371277873740931,0.0002040816326530602,true,false
40,45_54|man|college_trades,-9,0.1308436468093557,0.13,0.08163265306122448,0.10510274192167968,0.152790647978805,0.1997330802749522,0.025740904887676025,-0.022790647978805006,-0.11810042721372772,-0.04836734693877552,true,false
40,45_54|man|college_trades,1,0.21826748985337407,0.18,0.02040816326530612,0.3128177397119662,0.2454086069895323,0.18124162099531557,-0.09455024985859212,-0.0654086069895323,-0.16083345773000945,-0.15959183673469388,true,true
40,45_54|man|college_trades,2,0.5540132469137639,0.6,0.7244897959183674,0.3688446778668576,0.4740176117846119,0.3565766745569701,0.18516856904690626,0.1259823882153881,0.36791312136139726,0.1244897959183674,true,true
40,45_54|man|college_trades,3,0.02225523428163393,0.03,0.02040816326530612,0.08227465548639713,0.036466647803806915,0.04276828808848514,-0.0600194212047632,-0.006466647803806916,-0.022360124823179017,-0.009591836734693878,true,true
40,45_54|man|college_trades,4,0.0,0.0,0.0,0.012996684935830933,0.003458725182863114,0.006234832490990126,-0.012996684935830933,-0.003458725182863114,-0.006234832490990126,0.0,true,false
40,45_54|man|college_trades,5,0.0,0.01,0.01020408163265306,0.020648870242403368,0.007628361797271451,0.03955871167693827,-0.020648870242403368,0.002371638202728549,-0.029354630044285214,0.0002040816326530602,true,false
40,45_54|man|college_trades,6,0.0,0.01,0.0,0.019824929041562335,0.013176880055149316,0.01464028035456607,-0.019824929041562335,-0.0031768800551493157,-0.01464028035456607,-0.01,true,true
40,45_54|man|college_trades,7,0.0,0.0,0.0,0.005336809182209792,0.002776107308127013,0.001386347642505278,-0.005336809182209792,-0.002776107308127013,-0.001386347642505278,0.0,true,false
40,45_54|man|college_trades,8,0.07462038214187254,0.03,0.1326530612244898,0.053493527857088996,0.04655343674489477,0.13628480441288324,0.021126854284783544,-0.01655343674489477,-0.0036317431883934326,0.1026530612244898,true,true
40,45_54|man|high_school,-8,0.0,0.0,0.01020408163265306,0.018659363754003927,0.017722974354938196,0.02157535950639399,-0.018659363754003927,-0.017722974354938196,-0.011371277873740931,0.01020408163265306,true,false
40,45_54|man|high_school,-9,0.15412514582186224,0.17,0.15306122448979592,0.10510274192167968,0.152790647978805,0.1997330802749522,0.04902240390018256,0.017209352021195,-0.046671855785156285,-0.01693877551020409,true,false
40,45_54|man|high_school,1,0.2701096644572347,0.17,0.061224489795918366,0.3128177397119662,0.2454086069895323,0.18124162099531557,-0.04270807525473147,-0.07540860698953228,-0.1200171311993972,-0.10877551020408165,true,true
40,45_54|man|high_school,2,0.3387278889383376,0.56,0.5816326530612245,0.3688446778668576,0.4740176117846119,0.3565766745569701,-0.03011678892851999,0.08598238821538817,0.22505597850425435,0.021632653061224416,true,false
40,45_54|man|high_school,3,0.028590199367079433,0.05,0.030612244897959183,0.08227465548639713,0.036466647803806915,0.04276828808848514,-0.0536844561193177,0.013533352196193088,-0.012156043190525954,-0.01938775510204082,true,true
40,45_54|man|high_school,4,0.03893148016255262,0.0,0.0,0.012996684935830933,0.003458725182863114,0.006234832490990126,0.025934795226721687,-0.003458725182863114,-0.006234832490990126,0.0,true,false
40,45_54|man|high_school,5,0.029975444695321957,0.02,0.0,0.020648870242403368,0.007628361797271451,0.03955871167693827,0.009326574452918589,0.01237163820272855,-0.03955871167693827,-0.02,true,false
40,45_54|man|high_school,6,0.10956473186228961,0.02,0.07142857142857142,0.019824929041562335,0.013176880055149316,0.01464028035456607,0.08973980282072727,0.0068231199448506846,0.056788291074005355,0.05142857142857142,true,true
40,45_54|man|high_school,7,0.0,0.0,0.0,0.005336809182209792,0.002776107308127013,0.001386347642505278,-0.005336809182209792,-0.002776107308127013,-0.001386347642505278,0.0,true,false
40,45_54|man|high_school,8,0.029975444695321957,0.01,0.09183673469387756,0.053493527857088996,0.04655343674489477,0.13628480441288324,-0.02351808316176704,-0.036553436744894766,-0.04444806971900568,0.08183673469387756,true,false
40,45_54|woman|above_bachelor,-8,0.0,0.03,0.020202020202020204,0.018659363754003927,0.017722974354938196,0.02157535950639399,-0.018659363754003927,0.012277025645061803,-0.0013733393043737878,-0.009797979797979795,true,true
40,45_54|woman|above_bachelor,-9,0.29376535836224343,0.14,0.1414141414141414,0.10510274192167968,0.152790647978805,0.1997330802749522,0.18866261644056376,-0.012790647978804998,-0.0583189388608108,0.0014141414141413955,true,true
40,45_54|woman|above_bachelor,1,0.20649614589755394,0.36,0.3333333333333333,0.3128177397119662,0.2454086069895323,0.18124162099531557,-0.10632159381441225,0.1145913930104677,0.15209171233801774,-0.026666666666666672,true,true
40,45_54|woman|above_bachelor,2,0.19859817929923984,0.42,0.1919191919191919,0.3688446778668576,0.4740176117846119,0.3565766745569701,-0.17024649856761775,-0.054017611784611896,-0.1646574826377782,-0.22808080808080808,true,true
40,45_54|woman|above_bachelor,3,0.1973400211863734,0.01,0.04040404040404041,0.08227465548639713,0.036466647803806915,0.04276828808848514,0.11506536569997626,-0.026466647803806913,-0.00236424768444473,0.030404040404040406,true,true
40,45_54|woman|above_bachelor,4,0.0,0.01,0.010101010101010102,0.012996684935830933,0.003458725182863114,0.006234832490990126,-0.012996684935830933,0.006541274817136886,0.0038661776100199757,0.00010101010101010166,true,false
40,45_54|woman|above_bachelor,5,0.0,0.02,0.09090909090909091,0.020648870242403368,0.007628361797271451,0.03955871167693827,-0.020648870242403368,0.01237163820272855,0.05135037923215264,0.07090909090909091,true,false
40,45_54|woman|above_bachelor,6,0.0,0.0,0.04040404040404041,0.019824929041562335,0.013176880055149316,0.01464028035456607,-0.019824929041562335,-0.013176880055149316,0.025763760049474338,0.04040404040404041,true,false
40,45_54|woman|above_bachelor,7,0.04308980278302575,0.0,0.0,0.005336809182209792,0.002776107308127013,0.001386347642505278,0.03775299360081596,-0.002776107308127013,-0.001386347642505278,0.0,true,false
40,45_54|woman|above_bachelor,8,0.06071049247156358,0.01,0.13131313131313133,0.053493527857088996,0.04655343674489477,0.13628480441288324,0.007216964614474582,-0.036553436744894766,-0.004971673099751911,0.12131313131313133,true,true
40,45_54|woman|bachelor,-8,0.0,0.0,0.02,0.018659363754003927,0.017722974354938196,0.02157535950639399,-0.018659363754003927,-0.017722974354938196,-0.0015753595063939911,0.02,true,false
40,45_54|woman|bachelor,-9,0.08474999670988545,0.15151515151515152,0.35,0.10510274192167968,0.152790647978805,0.1997330802749522,-0.020352745211794226,-0.0012754964636534916,0.15026691972504777,0.19848484848484846,true,false
40,45_54|woman|bachelor,1,0.2262429145287111,0.29292929292929293,0.3,0.3128177397119662,0.2454086069895323,0.18124162099531557,-0.0865748251832551,0.04752068593976064,0.11875837900468442,0.007070707070707061,true,false
40,45_54|woman|bachelor,2,0.4408410850757526,0.48484848484848486,0.06,0.3688446778668576,0.4740176117846119,0.3565766745569701,0.071996407208895,0.010830873063872981,-0.2965766745569701,-0.42484848484848486,true,false
40,45_54|woman|bachelor,3,0.19808456526738666,0.0,0.04,0.08227465548639713,0.036466647803806915,0.04276828808848514,0.11580990978098953,-0.036466647803806915,-0.0027682880884851366,0.04,true,true
40,45_54|woman|bachelor,4,0.0,0.0,0.02,0.012996684935830933,0.003458725182863114,0.006234832490990126,-0.012996684935830933,-0.003458725182863114,0.013765167509009874,0.02,true,false
40,45_54|woman|bachelor,5,0.0,0.010101010101010102,0.09,0.020648870242403368,0.007628361797271451,0.03955871167693827,-0.020648870242403368,0.0024726483037386506,0.050441288323061724,0.0798989898989899,true,false
40,45_54|woman|bachelor,6,0.0,0.010101010101010102,0.01,0.019824929041562335,0.013176880055149316,0.01464028035456607,-0.019824929041562335,-0.003075869954139214,-0.004640280354566069,-0.00010101010101010166,true,true
40,45_54|woman|bachelor,7,0.017540445442283063,0.0,0.01,0.005336809182209792,0.002776107308127013,0.001386347642505278,0.01220363626007327,-0.002776107308127013,0.008613652357494722,0.01,true,true
40,45_54|woman|bachelor,8,0.03254099297598101,0.050505050505050504,0.1,0.053493527857088996,0.04655343674489477,0.13628480441288324,-0.020952534881107987,0.003951613760155737,-0.03628480441288323,0.0494949494949495,true,false
40,45_54|woman|college_trades,-8,0.08154250423208216,0.03,0.0,0.018659363754003927,0.017722974354938196,0.02157535950639399,0.06288314047807823,0.012277025645061803,-0.02157535950639399,-0.03,true,false
40,45_54|woman|college_trades,-9,0.1044584864316993,0.2,0.18,0.10510274192167968,0.152790647978805,0.1997330802749522,-0.0006442554899803721,0.047209352021195,-0.019733080274952214,-0.020000000000000018,true,true
40,45_54|woman|college_trades,1,0.2638352578906052,0.19,0.08,0.3128177397119662,0.2454086069895323,0.18124162099531557,-0.048982481821361,-0.05540860698953229,-0.10124162099531557,-0.11,true,true
40,45_54|woman|college_trades,2,0.21177275100417453,0.49,0.55,0.3688446778668576,0.4740176117846119,0.3565766745569701,-0.15707192686268306,0.01598238821538811,0.19342332544302993,0.06000000000000005,true,false
40,45_54|woman|college_trades,3,0.09190708507658149,0.03,0.04,0.08227465548639713,0.036466647803806915,0.04276828808848514,0.009632429590184358,-0.006466647803806916,-0.0027682880884851366,0.010000000000000002,true,true
40,45_54|woman|college_trades,4,0.10643737712580115,0.0,0.0,0.012996684935830933,0.003458725182863114,0.006234832490990126,0.09344069218997021,-0.003458725182863114,-0.006234832490990126,0.0,true,false
40,45_54|woman|college_trades,5,0.12652174043895195,0.01,0.02,0.020648870242403368,0.007628361797271451,0.03955871167693827,0.10587287019654859,0.002371638202728549,-0.019558711676938272,0.01,true,true
40,45_54|woman|college_trades,6,0.0,0.0,0.0,0.019824929041562335,0.013176880055149316,0.01464028035456607,-0.019824929041562335,-0.013176880055149316,-0.01464028035456607,0.0,true,false
40,45_54|woman|college_trades,7,0.0,0.0,0.0,0.005336809182209792,0.002776107308127013,0.001386347642505278,-0.005336809182209792,-0.002776107308127013,-0.001386347642505278,0.0,true,false
40,45_54|woman|college_trades,8,0.013524797800104238,0.05,0.13,0.053493527857088996,0.04655343674489477,0.13628480441288324,-0.03996873005698476,0.0034465632551052353,-0.0062848044128832325,0.08,true,false
40,55_64|man|above_bachelor,-8,0.0,0.01,0.01,0.018659363754003927,0.017722974354938196,0.02157535950639399,-0.018659363754003927,-0.007722974354938196,-0.011575359506393991,0.0,true,false
40,55_64|man|above_bachelor,-9,0.01607516447948875,0.16,0.22,0.10510274192167968,0.152790647978805,0.1997330802749522,-0.08902757744219092,0.007209352021194992,0.020266919725047794,0.06,true,false
40,55_64|man|above_bachelor,1,0.49970834770841094,0.27,0.35,0.3128177397119662,0.2454086069895323,0.18124162099531557,0.18689060799644475,0.024591393010467727,0.1687583790046844,0.07999999999999996,true,true
40,55_64|man|above_bachelor,2,0.4842164878121003,0.49,0.19,0.3688446778668576,0.4740176117846119,0.3565766745569701,0.11537180994524271,0.01598238821538811,-0.16657667455697012,-0.3,true,false
40,55_64|man|above_bachelor,3,0.0,0.02,0.02,0.08227465548639713,0.036466647803806915,0.04276828808848514,-0.08227465548639713,-0.016466647803806914,-0.022768288088485137,0.0,true,false
40,55_64|man|above_bachelor,4,0.0,0.01,0.01,0.012996684935830933,0.003458725182863114,0.006234832490990126,-0.012996684935830933,0.006541274817136886,0.003765167509009874,0.0,true,false
40,55_64|man|above_bachelor,5,0.0,0.01,0.09,0.020648870242403368,0.007628361797271451,0.03955871167693827,-0.020648870242403368,0.002371638202728549,0.050441288323061724,0.08,true,false
40,55_64|man|above_bachelor,6,0.0,0.0,0.0,0.019824929041562335,0.013176880055149316,0.01464028035456607,-0.019824929041562335,-0.013176880055149316,-0.01464028035456607,0.0,true,false
40,55_64|man|above_bachelor,7,0.0,0.0,0.0,0.005336809182209792,0.002776107308127013,0.001386347642505278,-0.005336809182209792,-0.002776107308127013,-0.001386347642505278,0.0,true,false
40,55_64|man|above_bachelor,8,0.0,0.03,0.11,0.053493527857088996,0.04655343674489477,0.13628480441288324,-0.053493527857088996,-0.01655343674489477,-0.026284804412883236,0.08,true,false
40,55_64|man|bachelor,-8,0.0,0.02,0.0,0.018659363754003927,0.017722974354938196,0.02157535950639399,-0.018659363754003927,0.0022770256450618045,-0.02157535950639399,-0.02,true,true
40,55_64|man|bachelor,-9,0.06738200305453686,0.15,0.18181818181818182,0.10510274192167968,0.152790647978805,0.1997330802749522,-0.03772073886714282,-0.0027906479788050165,-0.017914898456770384,0.03181818181818183,true,false
40,55_64|man|bachelor,1,0.3304152634245284,0.24,0.08080808080808081,0.3128177397119662,0.2454086069895323,0.18124162099531557,0.017597523712562235,-0.0054086069895323,-0.10043354018723476,-0.15919191919191916,true,false
40,55_64|man|bachelor,2,0.4001939884936069,0.47,0.5858585858585859,0.3688446778668576,0.4740176117846119,0.3565766745569701,0.03134931062674928,-0.0040176117846119075,0.22928191130161574,0.11585858585858588,true,true
40,55_64|man|bachelor,3,0.04691229123965731,0.02,0.010101010101010102,0.08227465548639713,0.036466647803806915,0.04276828808848514,-0.03536236424673982,-0.016466647803806914,-0.032667277987475034,-0.009898989898989899,true,true
40,55_64|man|bachelor,4,0.0,0.01,0.0,0.012996684935830933,0.003458725182863114,0.006234832490990126,-0.012996684935830933,0.006541274817136886,-0.006234832490990126,-0.01,true,true
40,55_64|man|bachelor,5,0.019012481788827917,0.02,0.0,0.020648870242403368,0.007628361797271451,0.03955871167693827,-0.0016363884535754505,0.01237163820272855,-0.03955871167693827,-0.02,true,true
40,55_64|man|bachelor,6,0.0,0.01,0.0,0.019824929041562335,0.013176880055149316,0.01464028035456607,-0.019824929041562335,-0.0031768800551493157,-0.01464028035456607,-0.01,true,true
40,55_64|man|bachelor,7,0.0,0.0,0.0,0.005336809182209792,0.002776107308127013,0.001386347642505278,-0.005336809182209792,-0.002776107308127013,-0.001386347642505278,0.0,true,false
40,55_64|man|bachelor,8,0.13608397199884256,0.06,0.1414141414141414,0.053493527857088996,0.04655343674489477,0.13628480441288324,0.08259044414175357,0.01344656325510523,0.005129337001258172,0.08141414141414141,true,true
40,55_64|man|college_trades,-8,0.0,0.010101010101010102,0.010101010101010102,0.018659363754003927,0.017722974354938196,0.02157535950639399,-0.018659363754003927,-0.007621964253928094,-0.01147434940538389,0.0,true,false
40,55_64|man|college_trades,-9,0.1006021908683555,0.16161616161616163,0.06060606060606061,0.10510274192167968,0.152790647978805,0.1997330802749522,-0.00450055105332417,0.008825513637356619,-0.1391270196688916,-0.10101010101010102,true,true
40,55_64|man|college_trades,1,0.17491034121753607,0.21212121212121213,0.0707070707070707,0.3128177397119662,0.2454086069895323,0.18124162099531557,-0.13790739849443012,-0.033287394868320164,-0.11053455028824487,-0.14141414141414144,true,true
40,55_64|man|college_trades,2,0.4915504092176295,0.5353535353535354,0.6767676767676768,0.3688446778668576,0.4740176117846119,0.3565766745569701,0.1227057313507719,0.06133592356892348,0.3201910022107067,0.14141414141414144,true,true
40,55_64|man|college_trades,3,0.07319857540987489,0.0,0.0,0.08227465548639713,0.036466647803806915,0.04276828808848514,-0.009076080076522247,-0.036466647803806915,-0.04276828808848514,0.0,true,false
40,55_64|man|college_trades,4,0.07580298293717727,0.0,0.0,0.012996684935830933,0.003458725182863114,0.006234832490990126,0.06280629800134634,-0.003458725182863114,-0.006234832490990126,0.0,true,false
40,55_64|man|college_trades,5,0.014821277534509028,0.010101010101010102,0.030303030303030304,0.020648870242403368,0.007628361797271451,0.03955871167693827,-0.00582759270789434,0.0024726483037386506,-0.009255681373907969,0.0202020202020202,true,false
40,55_64|man|college_trades,6,0.0,0.020202020202020204,0.030303030303030304,0.019824929041562335,0.013176880055149316,0.01464028035456607,-0.019824929041562335,0.007025140146870888,0.015662749948464234,0.0101010101010101,true,false
40,55_64|man|college_trades,7,0.0,0.0,0.0,0.005336809182209792,0.002776107308127013,0.001386347642505278,-0.005336809182209792,-0.002776107308127013,-0.001386347642505278,0.0,true,false
40,55_64|man|college_trades,8,0.06911422281491769,0.050505050505050504,0.12121212121212122,0.053493527857088996,0.04655343674489477,0.13628480441288324,0.015620694957828696,0.003951613760155737,-0.015072683200762022,0.07070707070707072,true,true
40,55_64|man|high_school,-8,0.0,0.0,0.01,0.018659363754003927,0.017722974354938196,0.02157535950639399,-0.018659363754003927,-0.017722974354938196,-0.011575359506393991,0.01,true,false
40,55_64|man|high_school,-9,0.23382254095426575,0.16,0.23,0.10510274192167968,0.152790647978805,0.1997330802749522,0.12871979903258607,0.007209352021194992,0.030266919725047803,0.07,true,true
40,55_64|man|high_school,1,0.13319595233614479,0.14,0.15,0.3128177397119662,0.2454086069895323,0.18124162099531557,-0.1796217873758214,-0.10540860698953228,-0.031241620995315578,0.009999999999999981,true,false
40,55_64|man|high_school,2,0.38476282897056385,0.56,0.28,0.3688446778668576,0.4740176117846119,0.3565766745569701,0.015918151103706257,0.08598238821538817,-0.07657667455697009,-0.28,true,false
40,55_64|man|high_school,3,0.11564143281383664,0.07,0.01,0.08227465548639713,0.036466647803806915,0.04276828808848514,0.033366777327439506,0.03353335219619309,-0.032768288088485135,-0.060000000000000005,true,false
40,55_64|man|high_school,4,0.0,0.0,0.02,0.012996684935830933,0.003458725182863114,0.006234832490990126,-0.012996684935830933,-0.003458725182863114,0.013765167509009874,0.02,true,false
40,55_64|man|high_school,5,0.0,0.01,0.04,0.020648870242403368,0.007628361797271451,0.03955871167693827,-0.020648870242403368,0.002371638202728549,0.00044128832306172816,0.03,true,false
40,55_64|man|high_school,6,0.0,0.02,0.01,0.019824929041562335,0.013176880055149316,0.01464028035456607,-0.019824929041562335,0.0068231199448506846,-0.004640280354566069,-0.01,true,true
40,55_64|man|high_school,7,0.0,0.0,0.0,0.005336809182209792,0.002776107308127013,0.001386347642505278,-0.005336809182209792,-0.002776107308127013,-0.001386347642505278,0.0,true,false
40,55_64|man|high_school,8,0.13257724492518894,0.04,0.25,0.053493527857088996,0.04655343674489477,0.13628480441288324,0.07908371706809994,-0.006553436744894767,0.11371519558711676,0.21,true,true
40,55_64|woman|bachelor,-8,0.0,0.04,0.02,0.018659363754003927,0.017722974354938196,0.02157535950639399,-0.018659363754003927,0.022277025645061805,-0.0015753595063939911,-0.02,true,true
40,55_64|woman|bachelor,-9,0.0,0.11,0.28,0.10510274192167968,0.152790647978805,0.1997330802749522,-0.10510274192167968,-0.04279064797880501,0.08026691972504782,0.17000000000000004,true,false
40,55_64|woman|bachelor,1,0.5079261810388895,0.35,0.33,0.3128177397119662,0.2454086069895323,0.18124162099531557,0.19510844132692334,0.10459139301046769,0.14875837900468444,-0.019999999999999962,true,false
40,55_64|woman|bachelor,2,0.39723144682706607,0.42,0.09,0.3688446778668576,0.4740176117846119,0.3565766745569701,0.028386768960208475,-0.054017611784611896,-0.2665766745569701,-0.32999999999999996,true,false
40,55_64|woman|bachelor,3,0.03313617306536561,0.06,0.1,0.08227465548639713,0.036466647803806915,0.04276828808848514,-0.049138482421031526,0.023533352196193083,0.05723171191151487,0.04000000000000001,true,false
40,55_64|woman|bachelor,4,0.0,0.0,0.0,0.012996684935830933,0.003458725182863114,0.006234832490990126,-0.012996684935830933,-0.003458725182863114,-0.006234832490990126,0.0,true,false
40,55_64|woman|bachelor,5,0.0,0.01,0.01,0.020648870242403368,0.007628361797271451,0.03955871167693827,-0.020648870242403368,0.002371638202728549,-0.02955871167693827,0.0,true,false
40,55_64|woman|bachelor,6,0.0,0.0,0.0,0.019824929041562335,0.013176880055149316,0.01464028035456607,-0.019824929041562335,-0.013176880055149316,-0.01464028035456607,0.0,true,false
40,55_64|woman|bachelor,7,0.0,0.0,0.01,0.005336809182209792,0.002776107308127013,0.001386347642505278,-0.005336809182209792,-0.002776107308127013,0.008613652357494722,0.01,true,false
40,55_64|woman|bachelor,8,0.06170619906867887,0.01,0.16,0.053493527857088996,0.04655343674489477,0.13628480441288324,0.008212671211589875,-0.036553436744894766,0.023715195587116766,0.15,true,true
40,55_64|woman|college_trades,-8,0.0,0.02,0.04,0.018659363754003927,0.017722974354938196,0.02157535950639399,-0.018659363754003927,0.0022770256450618045,0.01842464049360601,0.02,true,false
40,55_64|woman|college_trades,-9,0.2761523825164795,0.21,0.31,0.10510274192167968,0.152790647978805,0.1997330802749522,0.17104964059479982,0.05720935202119498,0.11026691972504779,0.1,true,true
40,55_64|woman|college_trades,1,0.2123497758969371,0.24,0.18,0.3128177397119662,0.2454086069895323,0.18124162099531557,-0.1004679638150291,-0.0054086069895323,-0.0012416209953155788,-0.06,true,true
40,55_64|woman|college_trades,2,0.35090291923589295,0.45,0.14,0.3688446778668576,0.4740176117846119,0.3565766745569701,-0.017941758630964644,-0.02401761178461187,-0.2165766745569701,-0.31,true,true
40,55_64|woman|college_trades,3,0.03590912928437405,0.02,0.04,0.08227465548639713,0.036466647803806915,0.04276828808848514,-0.04636552620202308,-0.016466647803806914,-0.0027682880884851366,0.02,true,false
40,55_64|woman|college_trades,4,0.0,0.01,0.02,0.012996684935830933,0.003458725182863114,0.006234832490990126,-0.012996684935830933,0.006541274817136886,0.013765167509009874,0.01,true,false
40,55_64|woman|college_trades,5,0.0,0.01,0.05,0.020648870242403368,0.007628361797271451,0.03955871167693827,-0.020648870242403368,0.002371638202728549,0.01044128832306173,0.04,true,false
40,55_64|woman|college_trades,6,0.08703680345624944,0.0,0.04,0.019824929041562335,0.013176880055149316,0.01464028035456607,0.0672118744146871,-0.013176880055149316,0.02535971964543393,0.04,true,true
40,55_64|woman|college_trades,7,0.0,0.0,0.0,0.005336809182209792,0.002776107308127013,0.001386347642505278,-0.005336809182209792,-0.002776107308127013,-0.001386347642505278,0.0,true,false
40,55_64|woman|college_trades,8,0.037648989610067095,0.04,0.18,0.053493527857088996,0.04655343674489477,0.13628480441288324,-0.0158445382470219,-0.006553436744894767,0.043715195587116756,0.13999999999999999,true,false
40,55_64|woman|high_school,-8,0.0,0.04081632653061224,0.04040404040404041,0.018659363754003927,0.017722974354938196,0.02157535950639399,-0.018659363754003927,0.023093352175674046,0.018828680897646416,-0.00041228612657183417,true,true
40,55_64|woman|high_school,-9,0.28200175476337236,0.16326530612244897,0.23232323232323232,0.10510274192167968,0.152790647978805,0.1997330802749522,0.17689901284169268,0.010474658143643956,0.03259015204828011,0.06905792620078335,true,true
40,55_64|woman|high_school,1,0.30054553664100153,0.21428571428571427,0.26262626262626265,0.3128177397119662,0.2454086069895323,0.18124162099531557,-0.01227220307096466,-0.031122892703818017,0.08138464163094708,0.04834054834054838,true,false
40,55_64|woman|high_school,2,0.2824636107331759,0.47959183673469385,0.23232323232323232,0.3688446778668576,0.4740176117846119,0.3565766745569701,-0.08638106713368171,0.005574224950081974,-0.1242534422337378,-0.24726860441146153,true,true
40,55_64|woman|high_school,3,0.029151280355609162,0.030612244897959183,0.0,0.08227465548639713,0.036466647803806915,0.04276828808848514,-0.05312337513078797,-0.005854402905847732,-0.04276828808848514,-0.030612244897959183,true,true
40,55_64|woman|high_school,4,0.0,0.0,0.0,0.012996684935830933,0.003458725182863114,0.006234832490990126,-0.012996684935830933,-0.003458725182863114,-0.006234832490990126,0.0,true,false
40,55_64|woman|high_school,5,0.0,0.0,0.010101010101010102,0.020648870242403368,0.007628361797271451,0.03955871167693827,-0.020648870242403368,-0.007628361797271451,-0.02945770157592817,0.010101010101010102,true,false
40,55_64|woman|high_school,6,0.0,0.0,0.020202020202020204,0.019824929041562335,0.013176880055149316,0.01464028035456607,-0.019824929041562335,-0.013176880055149316,0.005561739847454134,0.020202020202020204,true,false
40,55_64|woman|high_school,7,0.0,0.0,0.0,0.005336809182209792,0.002776107308127013,0.001386347642505278,-0.005336809182209792,-0.002776107308127013,-0.001386347642505278,0.0,true,false
40,55_64|woman|high_school,8,0.10583781750684093,0.07142857142857142,0.20202020202020202,0.053493527857088996,0.04655343674489477,0.13628480441288324,0.052344289649751935,0.024875134683676657,0.06573539760731878,0.1305916305916306,true,true
40,65_74|man|above_bachelor,-8,0.04630996406557643,0.0,0.010101010101010102,0.018659363754003927,0.017722974354938196,0.02157535950639399,0.0276506003115725,-0.017722974354938196,-0.01147434940538389,0.010101010101010102,true,true
40,65_74|man|above_bachelor,-9,0.057431717704309694,0.14,0.21212121212121213,0.10510274192167968,0.152790647978805,0.1997330802749522,-0.04767102421736998,-0.012790647978804998,0.01238813184625992,0.07212121212121211,true,false
40,65_74|man|above_bachelor,1,0.42692728210134284,0.18,0.18181818181818182,0.3128177397119662,0.2454086069895323,0.18124162099531557,0.11410954238937665,-0.0654086069895323,0.0005765608228662511,0.0018181818181818299,true,true
40,65_74|man|above_bachelor,2,0.23115960369584676,0.57,0.36363636363636365,0.3688446778668576,0.4740176117846119,0.3565766745569701,-0.13768507417101084,0.09598238821538807,0.007059689079393527,-0.2063636363636363,true,true
40,65_74|man|above_bachelor,3,0.023926686120410618,0.05,0.030303030303030304,0.08227465548639713,0.036466647803806915,0.04276828808848514,-0.05834796936598652,0.013533352196193088,-0.012465257785454834,-0.0196969696969697,true,true
40,65_74|man|above_bachelor,4,0.0,0.01,0.010101010101010102,0.012996684935830933,0.003458725182863114,0.006234832490990126,-0.012996684935830933,0.006541274817136886,0.0038661776100199757,0.00010101010101010166,true,false
40,65_74|man|above_bachelor,5,0.06848430938448917,0.0,0.020202020202020204,0.020648870242403368,0.007628361797271451,0.03955871167693827,0.0478354391420858,-0.007628361797271451,-0.01935669147491807,0.020202020202020204,true,true
40,65_74|man|above_bachelor,6,0.08733698526267926,0.01,0.0,0.019824929041562335,0.013176880055149316,0.01464028035456607,0.06751205622111692,-0.0031768800551493157,-0.01464028035456607,-0.01,true,false
40,65_74|man|above_bachelor,7,0.0,0.0,0.0,0.005336809182209792,0.002776107308127013,0.001386347642505278,-0.005336809182209792,-0.002776107308127013,-0.001386347642505278,0.0,true,false
40,65_74|man|above_bachelor,8,0.05842345166534527,0.04,0.1717171717171717,0.053493527857088996,0.04655343674489477,0.13628480441288324,0.004929923808256277,-0.006553436744894767,0.035432367304288476,0.1317171717171717,true,true
40,65_74|man|bachelor,-8,0.0,0.01,0.020202020202020204,0.018659363754003927,0.017722974354938196,0.02157535950639399,-0.018659363754003927,-0.007722974354938196,-0.0013733393043737878,0.010202020202020204,true,false
40,65_74|man|bachelor,-9,0.031102437141680393,0.11,0.09090909090909091,0.10510274192167968,0.152790647978805,0.1997330802749522,-0.07400030477999928,-0.04279064797880501,-0.1088239893658613,-0.01909090909090909,true,true
40,65_74|man|bachelor,1,0.13308993622555745,0.16,0.09090909090909091,0.3128177397119662,0.2454086069895323,0.18124162099531557,-0.17972780348640874,-0.08540860698953229,-0.09033253008622466,-0.06909090909090909,true,true
40,65_74|man|bachelor,2,0.6120713324907935,0.56,0.5252525252525253,0.3688446778668576,0.4740176117846119,0.3565766745569701,0.2432266546239359,0.08598238821538817,0.16867585069555519,-0.03474747474747475,true,false
40,65_74|man|bachelor,3,0.08658284503297721,0.04,0.010101010101010102,0.08227465548639713,0.036466647803806915,0.04276828808848514,0.004308189546580077,0.003533352196193086,-0.032667277987475034,-0.029898989898989897,true,false
40,65_74|man|bachelor,4,0.0,0.02,0.010101010101010102,0.012996684935830933,0.003458725182863114,0.006234832490990126,-0.012996684935830933,0.016541274817136888,0.0038661776100199757,-0.009898989898989899,true,true
40,65_74|man|bachelor,5,0.0,0.01,0.04040404040404041,0.020648870242403368,0.007628361797271451,0.03955871167693827,-0.020648870242403368,0.002371638202728549,0.0008453287271021348,0.030404040404040406,true,false
40,65_74|man|bachelor,6,0.0,0.04,0.0,0.019824929041562335,0.013176880055149316,0.01464028035456607,-0.019824929041562335,0.026823119944850683,-0.01464028035456607,-0.04,true,true
40,65_74|man|bachelor,7,0.0,0.01,0.0,0.005336809182209792,0.002776107308127013,0.001386347642505278,-0.005336809182209792,0.007223892691872987,-0.001386347642505278,-0.01,true,true
40,65_74|man|bachelor,8,0.1371534491089915,0.04,0.21212121212121213,0.053493527857088996,0.04655343674489477,0.13628480441288324,0.0836599212519025,-0.006553436744894767,0.07583640770832889,0.17212121212121212,true,true
40,65_74|man|college_trades,-8,0.0,0.02040816326530612,0.01020408163265306,0.018659363754003927,0.017722974354938196,0.02157535950639399,-0.018659363754003927,0.002685188910367925,-0.011371277873740931,-0.01020408163265306,true,true
40,65_74|man|college_trades,-9,0.08865815691599116,0.15306122448979592,0.29591836734693877,0.10510274192167968,0.152790647978805,0.1997330802749522,-0.016444585005688517,0.00027057651099091085,0.09618528707198656,0.14285714285714285,true,false
40,65_74|man|college_trades,1,0.3760220494859692,0.12244897959183673,0.05102040816326531,0.3128177397119662,0.2454086069895323,0.18124162099531557,0.06320430977400299,-0.12295962739769556,-0.13022121283205026,-0.07142857142857142,true,false
40,65_74|man|college_trades,2,0.49006621965728275,0.5918367346938775,0.4387755102040816,0.3688446778668576,0.4740176117846119,0.3565766745569701,0.12122154179042516,0.11781912290926566,0.0821988356471115,-0.15306122448979592,true,false
40,65_74|man|college_trades,3,0.0,0.04081632653061224,0.061224489795918366,0.08227465548639713,0.036466647803806915,0.04276828808848514,-0.08227465548639713,0.004349678726805327,0.01845620170743323,0.020408163265306124,true,false
40,65_74|man|college_trades,4,0.0,0.0,0.0,0.012996684935830933,0.003458725182863114,0.006234832490990126,-0.012996684935830933,-0.003458725182863114,-0.006234832490990126,0.0,true,false
40,65_74|man|college_trades,5,0.0,0.01020408163265306,0.02040816326530612,0.020648870242403368,0.007628361797271451,0.03955871167693827,-0.020648870242403368,0.002575719835381609,-0.019150548411632152,0.01020408163265306,true,false
40,65_74|man|college_trades,6,0.0,0.01020408163265306,0.01020408163265306,0.019824929041562335,0.013176880055149316,0.01464028035456607,-0.019824929041562335,-0.0029727984224962554,-0.004436198721913009,0.0,true,false
40,65_74|man|college_trades,7,0.0,0.01020408163265306,0.0,0.005336809182209792,0.002776107308127013,0.001386347642505278,-0.005336809182209792,0.007427974324526047,-0.001386347642505278,-0.01020408163265306,true,true
40,65_74|man|college_trades,8,0.0452535739407569,0.04081632653061224,0.11224489795918367,0.053493527857088996,0.04655343674489477,0.13628480441288324,-0.008239953916332095,-0.005737110214282526,-0.024039906453699564,0.07142857142857142,true,false
40,65_74|man|high_school,-8,0.19330776253277213,0.050505050505050504,0.010101010101010102,0.018659363754003927,0.017722974354938196,0.02157535950639399,0.1746483987787682,0.032782076150112305,-0.01147434940538389,-0.0404040404040404,true,false
40,65_74|man|high_school,-9,0.06430610357857455,0.13131313131313133,0.1414141414141414,0.10510274192167968,0.152790647978805,0.1997330802749522,-0.040796638343105124,-0.021477516665673685,-0.0583189388608108,0.010101010101010083,true,false
40,65_74|man|high_school,1,0.14763715384618054,0.16161616161616163,0.08080808080808081,0.3128177397119662,0.2454086069895323,0.18124162099531557,-0.16518058586578566,-0.08379244537337066,-0.10043354018723476,-0.08080808080808081,true,true
40,65_74|man|high_school,2,0.25159832625860956,0.5252525252525253,0.3838383838383838,0.3688446778668576,0.4740176117846119,0.3565766745569701,-0.11724635160824803,0.05123491346791342,0.027261709281413693,-0.1414141414141415,true,true
40,65_74|man|high_school,3,0.18201194129239712,0.020202020202020204,0.04040404040404041,0.08227465548639713,0.036466647803806915,0.04276828808848514,0.09973728580599998,-0.01626462760178671,-0.00236424768444473,0.020202020202020204,true,true
40,65_74|man|high_school,4,0.0,0.010101010101010102,0.010101010101010102,0.012996684935830933,0.003458725182863114,0.006234832490990126,-0.012996684935830933,0.006642284918146987,0.0038661776100199757,0.0,true,false
40,65_74|man|high_school,5,0.054963831334258494,0.010101010101010102,0.010101010101010102,0.020648870242403368,0.007628361797271451,0.03955871167693827,0.034314961091855126,0.0024726483037386506,-0.02945770157592817,0.0,true,false
40,65_74|man|high_school,6,0.07542761202613493,0.010101010101010102,0.08080808080808081,0.019824929041562335,0.013176880055149316,0.01464028035456607,0.0556026829845726,-0.003075869954139214,0.06616780045351475,0.07070707070707072,true,true
40,65_74|man|high_school,7,0.030747269131072827,0.010101010101010102,0.0,0.005336809182209792,0.002776107308127013,0.001386347642505278,0.025410459948863033,0.0073249027928830885,-0.001386347642505278,-0.010101010101010102,true,false
40,65_74|man|high_school,8,0.0,0.0707070707070707,0.24242424242424243,0.053493527857088996,0.04655343674489477,0.13628480441288324,-0.053493527857088996,0.024153633962175937,0.1061394380113592,0.1717171717171717,true,false
40,65_74|woman|bachelor,-8,0.08684570824050555,0.03,0.030303030303030304,0.018659363754003927,0.017722974354938196,0.02157535950639399,0.06818634448650163,0.012277025645061803,0.008727670796636312,0.000303030303030305,true,true
40,65_74|woman|bachelor,-9,0.0,0.14,0.2828282828282828,0.10510274192167968,0.152790647978805,0.1997330802749522,-0.10510274192167968,-0.012790647978804998,0.08309520255333061,0.1428282828282828,true,false
40,65_74|woman|bachelor,1,0.6005069385032749,0.3,0.35353535353535354,0.3128177397119662,0.2454086069895323,0.18124162099531557,0.28768919879130866,0.0545913930104677,0.17229373254003796,0.05353535353535355,true,true
40,65_74|woman|bachelor,2,0.25908123245549364,0.45,0.18181818181818182,0.3688446778668576,0.4740176117846119,0.3565766745569701,-0.10976344541136396,-0.02401761178461187,-0.1747584927387883,-0.2681818181818182,true,true
40,65_74|woman|bachelor,3,0.0,0.02,0.04040404040404041,0.08227465548639713,0.036466647803806915,0.04276828808848514,-0.08227465548639713,-0.016466647803806914,-0.00236424768444473,0.020404040404040407,true,false
40,65_74|woman|bachelor,4,0.0,0.0,0.010101010101010102,0.012996684935830933,0.003458725182863114,0.006234832490990126,-0.012996684935830933,-0.003458725182863114,0.0038661776100199757,0.010101010101010102,true,false
40,65_74|woman|bachelor,5,0.03202184468730745,0.0,0.06060606060606061,0.020648870242403368,0.007628361797271451,0.03955871167693827,0.01137297444490408,-0.007628361797271451,0.021047348929122335,0.06060606060606061,true,true
40,65_74|woman|bachelor,6,0.0,0.01,0.020202020202020204,0.019824929041562335,0.013176880055149316,0.01464028035456607,-0.019824929041562335,-0.0031768800551493157,0.005561739847454134,0.010202020202020204,true,false
40,65_74|woman|bachelor,7,0.021544276113418557,0.01,0.0,0.005336809182209792,0.002776107308127013,0.001386347642505278,0.016207466931208767,0.007223892691872987,-0.001386347642505278,-0.01,true,false
40,65_74|woman|bachelor,8,0.0,0.04,0.020202020202020204,0.053493527857088996,0.04655343674489477,0.13628480441288324,-0.053493527857088996,-0.006553436744894767,-0.11608278421086303,-0.019797979797979797,true,true
40,65_74|woman|college_trades,-8,0.0,0.010101010101010102,0.01020408163265306,0.018659363754003927,0.017722974354938196,0.02157535950639399,-0.018659363754003927,-0.007621964253928094,-0.011371277873740931,0.00010307153164295854,true,false
40,65_74|woman|college_trades,-9,0.2126609463625695,0.16161616161616163,0.23469387755102042,0.10510274192167968,0.152790647978805,0.1997330802749522,0.10755820444088982,0.008825513637356619,0.03496079727606821,0.07307771593485879,true,true
40,65_74|woman|college_trades,1,0.4116985346357029,0.31313131313131315,0.25510204081632654,0.3128177397119662,0.2454086069895323,0.18124162099531557,0.09888079492373669,0.06772270614178086,0.07386041982101096,-0.05802927231498661,true,false
40,65_74|woman|college_trades,2,0.20531931607505563,0.35353535353535354,0.2653061224489796,0.3688446778668576,0.4740176117846119,0.3565766745569701,-0.16352536179180197,-0.12048225824925834,-0.09127055210799051,-0.08822923108637393,true,true
40,65_74|woman|college_trades,3,0.0,0.09090909090909091,0.030612244897959183,0.08227465548639713,0.036466647803806915,0.04276828808848514,-0.08227465548639713,0.054442443105284,-0.012156043190525954,-0.06029684601113173,true,true
40,65_74|woman|college_trades,4,0.0,0.0,0.01020408163265306,0.012996684935830933,0.003458725182863114,0.006234832490990126,-0.012996684935830933,-0.003458725182863114,0.003969249141662934,0.01020408163265306,true,false
40,65_74|woman|college_trades,5,0.0,0.010101010101010102,0.04081632653061224,0.020648870242403368,0.007628361797271451,0.03955871167693827,-0.020648870242403368,0.0024726483037386506,0.001257614853673969,0.030715316429602138,true,false
40,65_74|woman|college_trades,6,0.0,0.020202020202020204,0.01020408163265306,0.019824929041562335,0.013176880055149316,0.01464028035456607,-0.019824929041562335,0.007025140146870888,-0.004436198721913009,-0.009997938569367143,true,true
40,65_74|woman|college_trades,7,0.0,0.0,0.01020408163265306,0.005336809182209792,0.002776107308127013,0.001386347642505278,-0.005336809182209792,-0.002776107308127013,0.008817733990147783,0.01020408163265306,true,false
40,65_74|woman|college_trades,8,0.170321202926672,0.04040404040404041,0.1326530612244898,0.053493527857088996,0.04655343674489477,0.13628480441288324,0.116827675069583,-0.00614939634085436,-0.0036317431883934326,0.09224902082044939,true,true
43,18_24|man,1,0.2621406603841886,0.46,0.494949494949495,0.6041924392202945,0.46471074380165284,0.5295174378291262,-0.34205177883610594,-0.004710743801652817,-0.03456794287963122,0.03494949494949495,true,false
43,18_24|man,2,0.6972636264093515,0.24,0.3838383838383838,0.30173081860999085,0.20996326905417814,0.30562470718314877,0.3955328077993606,0.03003673094582185,0.07821367665523504,0.14383838383838382,true,true
43,18_24|man,8,0.04059571320645998,0.1,0.06060606060606061,0.07444494130352891,0.13435261707988982,0.08698356477577257,-0.03384922809706893,-0.03435261707988982,-0.026377504169711963,-0.0393939393939394,true,true
43,18_24|man,9,0.0,0.2,0.06060606060606061,0.0196318008661857,0.19097337006427917,0.07787429021195255,-0.0196318008661857,0.009026629935720842,-0.017268229605891944,-0.1393939393939394,true,true
43,18_24|woman,1,0.6489802145593032,0.3838383838383838,0.5252525252525253,0.6041924392202945,0.46471074380165284,0.5295174378291262,0.044787775339008684,-0.08087235996326902,-0.004264912576600888,0.1414141414141415,true,true
43,18_24|woman,2,0.24866626362110084,0.1717171717171717,0.2727272727272727,0.30173081860999085,0.20996326905417814,0.30562470718314877,-0.05306455498889001,-0.03824609733700643,-0.03289743445587606,0.101010101010101,true,false
43,18_24|woman,8,0.10235352181959599,0.21212121212121213,0.1111111111111111,0.07444494130352891,0.13435261707988982,0.08698356477577257,0.02790858051606708,0.0777685950413223,0.024127546335338534,-0.10101010101010102,true,false
43,18_24|woman,9,0.0,0.23232323232323232,0.09090909090909091,0.0196318008661857,0.19097337006427917,0.07787429021195255,-0.0196318008661857,0.04134986225895315,0.01303480069713836,-0.1414141414141414,true,true
43,25_34|man,1,0.5610304324370459,0.5050505050505051,0.47,0.6041924392202945,0.46471074380165284,0.5295174378291262,-0.04316200678324866,0.040339761248852246,-0.05951743782912622,-0.03505050505050511,true,true
43,25_34|man,2,0.3616787730667891,0.1919191919191919,0.33,0.30173081860999085,0.20996326905417814,0.30562470718314877,0.059947954456798236,-0.018044077134986236,0.024375292816851246,0.1380808080808081,true,true
43,25_34|man,8,0.07729079449616506,0.12121212121212122,0.14,0.07444494130352891,0.13435261707988982,0.08698356477577257,0.0028458531926361524,-0.013140495867768609,0.05301643522422744,0.018787878787878798,true,true
43,25_34|man,9,0.0,0.18181818181818182,0.06,0.0196318008661857,0.19097337006427917,0.07787429021195255,-0.0196318008661857,-0.009155188246097345,-0.017874290211952554,-0.12181818181818183,true,true
43,25_34|woman,1,0.6473005078310822,0.45454545454545453,0.61,0.6041924392202945,0.46471074380165284,0.5295174378291262,0.04310806861078764,-0.010165289256198307,0.0804825621708738,0.15545454545454546,true,true
43,25_34|woman,2,0.2291407059582524,0.1919191919191919,0.28,0.30173081860999085,0.20996326905417814,0.30562470718314877,-0.07259011265173845,-0.018044077134986236,-0.025624707183148743,0.08808080808080812,true,false
43,25_34|woman,8,0.1235587862106654,0.1414141414141414,0.11,0.07444494130352891,0.13435261707988982,0.08698356477577257,0.049113844907136495,0.007061524334251584,0.02301643522422743,-0.03141414141414141,true,false
43,25_34|woman,9,0.0,0.21212121212121213,0.0,0.0196318008661857,0.19097337006427917,0.07787429021195255,-0.0196318008661857,0.02114784205693296,-0.07787429021195255,-0.21212121212121213,true,true
43,35_44|man,1,0.5638615201424536,0.53,0.54,0.6041924392202945,0.46471074380165284,0.5295174378291262,-0.04033091907784092,0.06528925619834719,0.010482562170873844,0.010000000000000009,true,false
43,35_44|man,2,0.2920222271588763,0.26,0.33,0.30173081860999085,0.20996326905417814,0.30562470718314877,-0.009708591451114523,0.05003673094582187,0.024375292816851246,0.07,true,false
43,35_44|man,8,0.02112035926770174,0.07,0.02,0.07444494130352891,0.13435261707988982,0.08698356477577257,-0.05332458203582717,-0.06435261707988982,-0.06698356477577257,-0.05,true,true
43,35_44|man,9,0.12299589343096837,0.14,0.11,0.0196318008661857,0.19097337006427917,0.07787429021195255,0.10336409256478267,-0.050973370064279155,0.03212570978804745,-0.030000000000000013,true,false
43,35_44|woman,1,0.5438577845427984,0.49,0.49,0.6041924392202945,0.46471074380165284,0.5295174378291262,-0.0603346546774961,0.025289256198347154,-0.0395174378291262,0.0,true,false
43,35_44|woman,2,0.3189955686174198,0.18,0.3,0.30173081860999085,0.20996326905417814,0.30562470718314877,0.01726475000742894,-0.02996326905417815,-0.0056247071831487805,0.12,true,true
43,35_44|woman,8,0.13714664683978178,0.17,0.13,0.07444494130352891,0.13435261707988982,0.08698356477577257,0.06270170553625287,0.03564738292011019,0.043016435224227434,-0.04000000000000001,true,false
43,35_44|woman,9,0.0,0.16,0.08,0.0196318008661857,0.19097337006427917,0.07787429021195255,-0.0196318008661857,-0.030973370064279165,0.00212570978804745,-0.08,true,true
43,45_54|man,1,0.5781345633442222,0.45,0.6224489795918368,0.6041924392202945,0.46471074380165284,0.5295174378291262,-0.026057875876072334,-0.014710743801652826,0.09293154176271057,0.17244897959183675,true,false
43,45_54|man,2,0.3420890030629071,0.26,0.09183673469387756,0.30173081860999085,0.20996326905417814,0.30562470718314877,0.04035818445291628,0.05003673094582187,-0.21378797248927123,-0.16816326530612247,true,false
43,45_54|man,8,0.055366851745345676,0.15,0.1326530612244898,0.07444494130352891,0.13435261707988982,0.08698356477577257,-0.019078089558183235,0.01564738292011017,0.045669496448717234,-0.01734693877551019,true,true
43,45_54|man,9,0.02440958184752506,0.14,0.15306122448979592,0.0196318008661857,0.19097337006427917,0.07787429021195255,0.004777780981339359,-0.050973370064279155,0.07518693427784337,0.013061224489795908,true,true
43,45_54|woman,1,0.6835822371724337,0.4444444444444444,0.73,0.6041924392202945,0.46471074380165284,0.5295174378291262,0.07938979795213918,-0.020266299357208417,0.2004825621708738,0.28555555555555556,true,true
43,45_54|woman,2,0.15727996048962126,0.23232323232323232,0.13,0.30173081860999085,0.20996326905417814,0.30562470718314877,-0.1444508581203696,0.02235996326905418,-0.17562470718314876,-0.10232323232323232,true,true
43,45_54|woman,8,0.1324836960508584,0.1414141414141414,0.05,0.07444494130352891,0.13435261707988982,0.08698356477577257,0.0580387547473295,0.007061524334251584,-0.03698356477577257,-0.0914141414141414,true,false
43,45_54|woman,9,0.02665410628708661,0.18181818181818182,0.09,0.0196318008661857,0.19097337006427917,0.07787429021195255,0.007022305420900907,-0.009155188246097345,0.012125709788047445,-0.09181818181818183,true,false
43,55_64|man,1,0.7284835886687784,0.47,0.2,0.6041924392202945,0.46471074380165284,0.5295174378291262,0.12429114944848385,0.0052892561983471365,-0.3295174378291262,-0.26999999999999996,true,false
43,55_64|man,2,0.19339105437787996,0.28,0.74,0.30173081860999085,0.20996326905417814,0.30562470718314877,-0.10833976423211089,0.07003673094582188,0.4343752928168512,0.45999999999999996,true,false
43,55_64|man,8,0.03623512899087892,0.09,0.04,0.07444494130352891,0.13435261707988982,0.08698356477577257,-0.03820981231264999,-0.04435261707988983,-0.04698356477577257,-0.049999999999999996,true,true
43,55_64|man,9,0.04189022796246268,0.16,0.02,0.0196318008661857,0.19097337006427917,0.07787429021195255,0.02225842709627698,-0.030973370064279165,-0.05787429021195255,-0.14,true,false
43,55_64|woman,1,0.7579374307243744,0.53,0.54,0.6041924392202945,0.46471074380165284,0.5295174378291262,0.15374499150407983,0.06528925619834719,0.010482562170873844,0.010000000000000009,true,true
43,55_64|woman,2,0.24206256927562558,0.13,0.33,0.30173081860999085,0.20996326905417814,0.30562470718314877,-0.059668249334365264,-0.07996326905417814,0.024375292816851246,0.2,true,false
43,55_64|woman,8,0.0,0.11,0.04,0.07444494130352891,0.13435261707988982,0.08698356477577257,-0.07444494130352891,-0.024352617079889824,-0.04698356477577257,-0.07,true,true
43,55_64|woman,9,0.0,0.23,0.09,0.0196318008661857,0.19097337006427917,0.07787429021195255,-0.0196318008661857,0.03902662993572084,0.012125709788047445,-0.14,true,true
43,65_74|woman,1,0.6708078916165593,0.3939393939393939,0.6020408163265306,0.6041924392202945,0.46471074380165284,0.5295174378291262,0.06661545239626476,-0.07077134986225891,0.07252337849740442,0.2081014223871367,true,true
43,65_74|woman,2,0.23644925267207556,0.1717171717171717,0.17346938775510204,0.30173081860999085,0.20996326905417814,0.30562470718314877,-0.06528156593791529,-0.03824609733700643,-0.13215531942804673,0.0017522160379303264,true,false
43,65_74|woman,8,0.09274285571136517,0.1717171717171717,0.12244897959183673,0.07444494130352891,0.13435261707988982,0.08698356477577257,0.018297914407836263,0.03736455463728189,0.03546541481606416,-0.04926819212533498,true,false
43,65_74|woman,9,0.0,0.26262626262626265,0.10204081632653061,0.0196318008661857,0.19097337006427917,0.07787429021195255,-0.0196318008661857,0.07165289256198348,0.024166526114578063,-0.16058544629973204,true,true
48,18_24|man|high_school,1,0.14266890666607313,0.17,0.09,0.13766821242229876,0.19562942565110786,0.1583902580204331,0.005000694243774362,-0.025629425651107846,-0.06839025802043311,-0.08000000000000002,true,false
48,18_24|man|high_school,2,0.174015846911059,0.12,0.19,0.08474216143592866,0.13769146835727591,0.17785279134158205,0.08927368547513034,-0.01769146835727592,0.012147208658417952,0.07,true,true
48,18_24|man|high_school,3,0.28090410497743495,0.28,0.28,0.2203668658408777,0.2531574636461316,0.3217767418675617,0.06053723913655726,0.026842536353868407,-0.041776741867561695,0.0,true,false
48,18_24|man|high_school,4,0.06320890900573482,0.14,0.07,0.03801313060309316,0.062767376319475,0.06056206885776514,0.025195778402641665,0.07723262368052501,0.009437931142234866,-0.07,true,false
48,18_24|man|high_school,5,0.111176328299723,0.07,0.08,0.1846543746470523,0.07622407331845231,0.06091553258465384,-0.07347804634732931,-0.006224073318452303,0.01908446741534616,0.009999999999999995,true,false
48,18_24|man|high_school,6,0.05072005823356434,0.05,0.01,0.0694050035265844,0.05794848990367318,0.02621111056800797,-0.018684945293020054,-0.007948489903673174,-0.016211110568007968,-0.04,true,true
48,18_24|man|high_school,7,0.03017219696482068,0.02,0.06,0.01998148674339096,0.025623456239149252,0.037161582788321455,0.01019071022142972,-0.005623456239149251,0.022838417211678542,0.039999999999999994,true,true
48,18_24|man|high_school,9,0.1471336489415901,0.15,0.22,0.24516876478077407,0.19095824656473487,0.15712991397167475,-0.09803511583918398,-0.040958246564734874,0.06287008602832525,0.07,true,false
48,18_24|woman|bachelor,1,0.20383920235280598,0.18181818181818182,0.10101010101010101,0.13766821242229876,0.19562942565110786,0.1583902580204331,0.06617098993050721,-0.013811243832926035,-0.0573801570103321,-0.08080808080808081,true,false
48,18_24|woman|bachelor,2,0.12569512684199718,0.15151515151515152,0.16161616161616163,0.08474216143592866,0.13769146835727591,0.17785279134158205,0.04095296540606852,0.013823683157875605,-0.01623662972542042,0.01010101010101011,true,true
48,18_24|woman|bachelor,3,0.24503302651256254,0.23232323232323232,0.5151515151515151,0.2203668658408777,0.2531574636461316,0.3217767418675617,0.02466616067168484,-0.0208342313228993,0.19337477328395342,0.2828282828282828,true,true
48,18_24|woman|bachelor,4,0.0,0.09090909090909091,0.010101010101010102,0.03801313060309316,0.062767376319475,0.06056206885776514,-0.03801313060309316,0.02814171458961591,-0.05046105875675504,-0.08080808080808081,true,true
48,18_24|woman|bachelor,5,0.18894716889711224,0.13131313131313133,0.12121212121212122,0.1846543746470523,0.07622407331845231,0.06091553258465384,0.004292794250059934,0.05508905799467902,0.060296588627467375,-0.01010101010101011,true,false
48,18_24|woman|bachelor,6,0.0,0.010101010101010102,0.0,0.0694050035265844,0.05794848990367318,0.02621111056800797,-0.0694050035265844,-0.04784747980266307,-0.02621111056800797,-0.010101010101010102,true,true
48,18_24|woman|bachelor,7,0.0,0.020202020202020204,0.020202020202020204,0.01998148674339096,0.025623456239149252,0.037161582788321455,-0.01998148674339096,-0.005421436037129048,-0.01695956258630125,0.0,true,false
48,18_24|woman|bachelor,9,0.2364854753955221,0.18181818181818182,0.0707070707070707,0.24516876478077407,0.19095824656473487,0.15712991397167475,-0.00868328938525198,-0.009140064746553045,-0.08642284326460405,-0.11111111111111112,true,true
48,18_24|woman|college_trades,1,0.14200059855692027,0.18181818181818182,0.07,0.13766821242229876,0.19562942565110786,0.1583902580204331,0.004332386134621502,-0.013811243832926035,-0.0883902580204331,-0.11181818181818182,true,false
48,18_24|woman|college_trades,2,0.1802135537979525,0.09090909090909091,0.07,0.08474216143592866,0.13769146835727591,0.17785279134158205,0.09547139236202384,-0.046782377448185,-0.10785279134158204,-0.020909090909090905,true,false
48,18_24|woman|college_trades,3,0.26769342137690816,0.2828282828282828,0.57,0.2203668658408777,0.2531574636461316,0.3217767418675617,0.04732655553603046,0.029670819182151198,0.24822325813243823,0.28717171717171713,true,true
48,18_24|woman|college_trades,4,0.0,0.09090909090909091,0.01,0.03801313060309316,0.062767376319475,0.06056206885776514,-0.03801313060309316,0.02814171458961591,-0.05056206885776514,-0.08090909090909092,true,true
48,18_24|woman|college_trades,5,0.3147920202120597,0.10101010101010101,0.17,0.1846543746470523,0.07622407331845231,0.06091553258465384,0.1301376455650074,0.0247860276916487,0.10908446741534616,0.068989898989899,true,true
48,18_24|woman|college_trades,6,0.0,0.10101010101010101,0.0,0.0694050035265844,0.05794848990367318,0.02621111056800797,-0.0694050035265844,0.04306161110642783,-0.02621111056800797,-0.10101010101010101,true,true
48,18_24|woman|college_trades,7,0.0,0.020202020202020204,0.01,0.01998148674339096,0.025623456239149252,0.037161582788321455,-0.01998148674339096,-0.005421436037129048,-0.027161582788321453,-0.010202020202020204,true,true
48,18_24|woman|college_trades,9,0.09530040605615939,0.13131313131313133,0.1,0.24516876478077407,0.19095824656473487,0.15712991397167475,-0.14986835872461468,-0.05964511525160354,-0.057129913971674745,-0.03131313131313132,true,true
48,18_24|woman|high_school,1,0.136398784974868,0.19,0.1111111111111111,0.13766821242229876,0.19562942565110786,0.1583902580204331,-0.0012694274474307765,-0.0056294256511078555,-0.047279146909322,-0.0788888888888889,true,true
48,18_24|woman|high_school,2,0.018569652844825188,0.13,0.08080808080808081,0.08474216143592866,0.13769146835727591,0.17785279134158205,-0.06617250859110348,-0.00769146835727591,-0.09704471053350124,-0.04919191919191919,true,true
48,18_24|woman|high_school,3,0.3460588713401718,0.29,0.494949494949495,0.2203668658408777,0.2531574636461316,0.3217767418675617,0.12569200549929413,0.03684253635386836,0.17317275308193325,0.204949494949495,true,true
48,18_24|woman|high_school,4,0.03172248360571816,0.05,0.020202020202020204,0.03801313060309316,0.062767376319475,0.06056206885776514,-0.006290646997374999,-0.012767376319474999,-0.04036004865574494,-0.0297979797979798,true,true
48,18_24|woman|high_school,5,0.2027669006206759,0.11,0.13131313131313133,0.1846543746470523,0.07622407331845231,0.06091553258465384,0.01811252597362359,0.03377592668154769,0.07039759872847748,0.021313131313131325,true,true
48,18_24|woman|high_school,6,0.06898022798842057,0.05,0.04040404040404041,0.0694050035265844,0.05794848990367318,0.02621111056800797,-0.0004247755381638213,-0.007948489903673174,0.014192929836032438,-0.009595959595959595,true,true
48,18_24|woman|high_school,7,0.011715220287680215,0.02,0.06060606060606061,0.01998148674339096,0.025623456239149252,0.037161582788321455,-0.008266266455710745,-0.005623456239149251,0.023444477817739152,0.040606060606060604,true,false
48,18_24|woman|high_school,9,0.18378785833764016,0.16,0.06060606060606061,0.24516876478077407,0.19095824656473487,0.15712991397167475,-0.061380906443133904,-0.030958246564734865,-0.09652385336561414,-0.0993939393939394,true,true
48,25_34|man|above_bachelor,1,0.23000787400800793,0.21212121212121213,0.1919191919191919,0.13766821242229876,0.19562942565110786,0.1583902580204331,0.09233966158570917,0.01649178647010427,0.0335289338987588,-0.02020202020202022,true,false
48,25_34|man|above_bachelor,2,0.12980128138936486,0.12121212121212122,0.21212121212121213,0.08474216143592866,0.13769146835727591,0.17785279134158205,0.0450591199534362,-0.0164793471451547,0.03426842077963008,0.09090909090909091,true,true
48,25_34|man|above_bachelor,3,0.16007899759289437,0.2727272727272727,0.30303030303030304,0.2203668658408777,0.2531574636461316,0.3217767418675617,-0.06028786824798332,0.019569809081141087,-0.018746438837258683,0.03030303030303033,true,false
48,25_34|man|above_bachelor,4,0.026936842446032516,0.050505050505050504,0.06060606060606061,0.03801313060309316,0.062767376319475,0.06056206885776514,-0.011076288157060642,-0.012262325814424498,0.000043991748295467425,0.010101010101010104,true,false
48,25_34|man|above_bachelor,5,0.13892449432475773,0.10101010101010101,0.0707070707070707,0.1846543746470523,0.07622407331845231,0.06091553258465384,-0.04572988032229458,0.0247860276916487,0.009791538122416864,-0.030303030303030304,true,true
48,25_34|man|above_bachelor,6,0.07678063490639693,0.020202020202020204,0.04040404040404041,0.0694050035265844,0.05794848990367318,0.02621111056800797,0.007375631379812536,-0.03774646970165298,0.014192929836032438,0.020202020202020204,true,true
48,25_34|man|above_bachelor,7,0.0,0.030303030303030304,0.0,0.01998148674339096,0.025623456239149252,0.037161582788321455,-0.01998148674339096,0.004679574063881052,-0.037161582788321455,-0.030303030303030304,true,true
48,25_34|man|above_bachelor,9,0.23746987533254565,0.1919191919191919,0.12121212121212122,0.24516876478077407,0.19095824656473487,0.15712991397167475,-0.007698889448228413,0.0009609453544570379,-0.035917792759553535,-0.07070707070707069,true,true
48,25_34|man|bachelor,1,0.22391880325001498,0.2222222222222222,0.14,0.13766821242229876,0.19562942565110786,0.1583902580204331,0.08625059082771622,0.026592796571114352,-0.018390258020433092,-0.0822222222222222,true,false
48,25_34|man|bachelor,2,0.17936027179658287,0.1717171717171717,0.21,0.08474216143592866,0.13769146835727591,0.17785279134158205,0.0946181103606542,0.0340257033598958,0.03214720865841794,0.03828282828282828,true,true
48,25_34|man|bachelor,3,0.29240850782987415,0.29292929292929293,0.33,0.2203668658408777,0.2531574636461316,0.3217767418675617,0.07204164198899646,0.03977182928316131,0.008223258132438294,0.03707070707070709,true,true
48,25_34|man|bachelor,4,0.0,0.0707070707070707,0.07,0.03801313060309316,0.062767376319475,0.06056206885776514,-0.03801313060309316,0.007939694387595703,0.009437931142234866,-0.0007070707070706977,true,true
48,25_34|man|bachelor,5,0.11302195415245946,0.04040404040404041,0.08,0.1846543746470523,0.07622407331845231,0.06091553258465384,-0.07163242049459285,-0.0358200329144119,0.01908446741534616,0.039595959595959594,true,false
48,25_34|man|bachelor,6,0.016868459958225362,0.0707070707070707,0.03,0.0694050035265844,0.05794848990367318,0.02621111056800797,-0.05253654356835903,0.012758580803397528,0.003788889431992029,-0.040707070707070706,true,true
48,25_34|man|bachelor,7,0.0,0.020202020202020204,0.04,0.01998148674339096,0.025623456239149252,0.037161582788321455,-0.01998148674339096,-0.005421436037129048,0.0028384172116785455,0.019797979797979797,true,false
48,25_34|man|bachelor,9,0.17442200301284322,0.1111111111111111,0.1,0.24516876478077407,0.19095824656473487,0.15712991397167475,-0.07074676176793085,-0.07984713545362376,-0.057129913971674745,-0.0111111111111111,true,true
48,25_34|man|college_trades,1,0.206502218654414,0.2,0.21,0.13766821242229876,0.19562942565110786,0.1583902580204331,0.06883400623211525,0.004370574348892153,0.05160974197956689,0.009999999999999981,true,true
48,25_34|man|college_trades,2,0.1466957943058327,0.16,0.12,0.08474216143592866,0.13769146835727591,0.17785279134158205,0.061953632869904046,0.02230853164272409,-0.057852791341582055,-0.04000000000000001,true,false
48,25_34|man|college_trades,3,0.32384025425633023,0.21,0.4,0.2203668658408777,0.2531574636461316,0.3217767418675617,0.10347338841545253,-0.04315746364613163,0.0782232581324383,0.19000000000000003,true,true
48,25_34|man|college_trades,4,0.0,0.06,0.06,0.03801313060309316,0.062767376319475,0.06056206885776514,-0.03801313060309316,-0.002767376319475004,-0.0005620688577651425,0.0,true,false
48,25_34|man|college_trades,5,0.12131531228343938,0.1,0.02,0.1846543746470523,0.07622407331845231,0.06091553258465384,-0.06333906236361293,0.023775926681547696,-0.040915532584653844,-0.08,true,true
48,25_34|man|college_trades,6,0.11317653722979013,0.05,0.03,0.0694050035265844,0.05794848990367318,0.02621111056800797,0.04377153370320573,-0.007948489903673174,0.003788889431992029,-0.020000000000000004,true,false
48,25_34|man|college_trades,7,0.0,0.02,0.04,0.01998148674339096,0.025623456239149252,0.037161582788321455,-0.01998148674339096,-0.005623456239149251,0.0028384172116785455,0.02,true,false
48,25_34|man|college_trades,9,0.08846988327019353,0.2,0.12,0.24516876478077407,0.19095824656473487,0.15712991397167475,-0.15669888151058053,0.009041753435265143,-0.037129913971674755,-0.08000000000000002,true,true
48,25_34|man|high_school,1,0.20946016049516794,0.13,0.13131313131313133,0.13766821242229876,0.19562942565110786,0.1583902580204331,0.07179194807286918,-0.06562942565110785,-0.02707712670730178,0.0013131313131313216,true,true
48,25_34|man|high_school,2,0.14573083131424028,0.13,0.1414141414141414,0.08474216143592866,0.13769146835727591,0.17785279134158205,0.06098866987831161,-0.00769146835727591,-0.03643864992744064,0.011414141414141404,true,true
48,25_34|man|high_school,3,0.1913455014847819,0.27,0.3434343434343434,0.2203668658408777,0.2531574636461316,0.3217767418675617,-0.029021364356095786,0.016842536353868398,0.021657601566781703,0.07343434343434341,true,false
48,25_34|man|high_school,4,0.0925953519791556,0.12,0.12121212121212122,0.03801313060309316,0.062767376319475,0.06056206885776514,0.05458222137606244,0.057232623680524994,0.060650052354356075,0.00121212121212122,true,true
48,25_34|man|high_school,5,0.1299918138951844,0.06,0.06060606060606061,0.1846543746470523,0.07622407331845231,0.06091553258465384,-0.0546625607518679,-0.01622407331845231,-0.0003094719785932329,0.00060606060606061,true,false
48,25_34|man|high_school,6,0.03419577941662377,0.08,0.030303030303030304,0.0694050035265844,0.05794848990367318,0.02621111056800797,-0.03520922410996062,0.022051510096326825,0.004091919735022334,-0.0496969696969697,true,true
48,25_34|man|high_school,7,0.028388156178068866,0.01,0.010101010101010102,0.01998148674339096,0.025623456239149252,0.037161582788321455,0.008406669434677907,-0.015623456239149252,-0.02706057268731135,0.00010101010101010166,true,true
48,25_34|man|high_school,9,0.16829240523677724,0.2,0.16161616161616163,0.24516876478077407,0.19095824656473487,0.15712991397167475,-0.07687635954399683,0.009041753435265143,0.004486247644486879,-0.03838383838383838,true,true
48,25_34|woman|above_bachelor,1,0.11710976850605224,0.2222222222222222,0.061224489795918366,0.13766821242229876,0.19562942565110786,0.1583902580204331,-0.02055844391624652,0.026592796571114352,-0.09716576822451474,-0.16099773242630383,true,true
48,25_34|woman|above_bachelor,2,0.03821688806504719,0.0707070707070707,0.07142857142857142,0.08474216143592866,0.13769146835727591,0.17785279134158205,-0.04652527337088148,-0.06698439765020521,-0.10642421991301063,0.0007215007215007202,true,false
48,25_34|woman|above_bachelor,3,0.26011644799124023,0.25252525252525254,0.5714285714285714,0.2203668658408777,0.2531574636461316,0.3217767418675617,0.039749582150362534,-0.0006322111208790782,0.24965182956100967,0.31890331890331886,true,true
48,25_34|woman|above_bachelor,4,0.061432681717523065,0.0707070707070707,0.08163265306122448,0.03801313060309316,0.062767376319475,0.06056206885776514,0.023419551114429907,0.007939694387595703,0.021070584203459343,0.010925582354153779,true,true
48,25_34|woman|above_bachelor,5,0.22852425909888363,0.1111111111111111,0.061224489795918366,0.1846543746470523,0.07622407331845231,0.06091553258465384,0.04386988445183132,0.034887037792658795,0.0003089572112645253,-0.04988662131519274,true,false
48,25_34|woman|above_bachelor,6,0.05750082200967798,0.04040404040404041,0.0,0.0694050035265844,0.05794848990367318,0.02621111056800797,-0.011904181516906413,-0.01754444949963277,-0.02621111056800797,-0.04040404040404041,true,true
48,25_34|woman|above_bachelor,7,0.019549552741177093,0.04040404040404041,0.0,0.01998148674339096,0.025623456239149252,0.037161582788321455,-0.0004319340022138664,0.014780584164891156,-0.037161582788321455,-0.04040404040404041,true,true
48,25_34|woman|above_bachelor,9,0.21754957987039855,0.1919191919191919,0.15306122448979592,0.24516876478077407,0.19095824656473487,0.15712991397167475,-0.027619184910375516,0.0009609453544570379,-0.004068689481878829,-0.038857967429395984,true,true
48,25_34|woman|bachelor,1,0.23096964853445004,0.17,0.09278350515463918,0.13766821242229876,0.19562942565110786,0.1583902580204331,0.09330143611215128,-0.025629425651107846,-0.06560675286579393,-0.07721649484536083,true,false
48,25_34|woman|bachelor,2,0.0824651443451061,0.14,0.17525773195876287,0.08474216143592866,0.13769146835727591,0.17785279134158205,-0.002277017090822564,0.0023085316427240987,-0.002595059382819176,0.03525773195876286,true,false
48,25_34|woman|bachelor,3,0.2846547144177322,0.34,0.41237113402061853,0.2203668658408777,0.2531574636461316,0.3217767418675617,0.06428784857685452,0.0868425363538684,0.09059439215305681,0.07237113402061851,true,true
48,25_34|woman|bachelor,4,0.007163357700854053,0.03,0.061855670103092786,0.03801313060309316,0.062767376319475,0.06056206885776514,-0.030849772902239104,-0.032767376319475,0.0012936012453276455,0.03185567010309279,true,false
48,25_34|woman|bachelor,5,0.16420266719236207,0.16,0.09278350515463918,0.1846543746470523,0.07622407331845231,0.06091553258465384,-0.020451707454690243,0.0837759266815477,0.03186797256998534,-0.06721649484536082,true,true
48,25_34|woman|bachelor,6,0.046145880200173406,0.0,0.061855670103092786,0.0694050035265844,0.05794848990367318,0.02621111056800797,-0.023259123326410988,-0.05794848990367318,0.035644559535084816,0.061855670103092786,true,false
48,25_34|woman|bachelor,7,0.0,0.04,0.030927835051546393,0.01998148674339096,0.025623456239149252,0.037161582788321455,-0.01998148674339096,0.014376543760850749,-0.006233747736775062,-0.009072164948453608,true,true
48,25_34|woman|bachelor,9,0.18439858760932212,0.12,0.07216494845360824,0.24516876478077407,0.19095824656473487,0.15712991397167475,-0.060770177171451945,-0.07095824656473487,-0.08496496551806651,-0.047835051546391755,true,true
48,25_34|woman|college_trades,1,0.17789221957587975,0.21428571428571427,0.13131313131313133,0.13766821242229876,0.19562942565110786,0.1583902580204331,0.04022400715358099,0.018656288634606416,-0.02707712670730178,-0.08297258297258295,true,false
48,25_34|woman|college_trades,2,0.0952702724665394,0.12244897959183673,0.08080808080808081,0.08474216143592866,0.13769146835727591,0.17785279134158205,0.010528111030610729,-0.015242488765439183,-0.09704471053350124,-0.04164089878375592,true,false
48,25_34|woman|college_trades,3,0.2280859378739846,0.32653061224489793,0.46464646464646464,0.2203668658408777,0.2531574636461316,0.3217767418675617,0.0077190720331069,0.07337314859876631,0.14286972277890292,0.1381158524015667,true,true
48,25_34|woman|college_trades,4,0.059802512458214774,0.02040816326530612,0.020202020202020204,0.03801313060309316,0.062767376319475,0.06056206885776514,0.021789381855121616,-0.042359213054168884,-0.04036004865574494,-0.00020614306328591708,true,false
48,25_34|woman|college_trades,5,0.20024062580501809,0.08163265306122448,0.0707070707070707,0.1846543746470523,0.07622407331845231,0.06091553258465384,0.015586251157965775,0.005408579742772174,0.009791538122416864,-0.010925582354153779,true,false
48,25_34|woman|college_trades,6,0.05165780926332526,0.030612244897959183,0.030303030303030304,0.0694050035265844,0.05794848990367318,0.02621111056800797,-0.01774719426325913,-0.027336245005713994,0.004091919735022334,-0.0003092145949288791,true,true
48,25_34|woman|college_trades,7,0.0,0.01020408163265306,0.030303030303030304,0.01998148674339096,0.025623456239149252,0.037161582788321455,-0.01998148674339096,-0.015419374606496191,-0.006858552485291151,0.020098948670377245,true,false
48,25_34|woman|college_trades,9,0.18705062255703814,0.19387755102040816,0.1717171717171717,0.24516876478077407,0.19095824656473487,0.15712991397167475,-0.05811814222373593,0.0029193044556732883,0.014587257745496962,-0.022160379303236444,true,true
48,25_34|woman|high_school,1,0.1576239336395313,0.20202020202020202,0.12,0.13766821242229876,0.19562942565110786,0.1583902580204331,0.019955721217232547,0.006390776369094159,-0.03839025802043311,-0.08202020202020202,true,false
48,25_34|woman|high_school,2,0.09025297830848313,0.050505050505050504,0.1,0.08474216143592866,0.13769146835727591,0.17785279134158205,0.005510816872554461,-0.08718641785222542,-0.07785279134158204,0.0494949494949495,true,true
48,25_34|woman|high_school,3,0.26692998771085513,0.2727272727272727,0.34,0.2203668658408777,0.2531574636461316,0.3217767418675617,0.046563121869977436,0.019569809081141087,0.018223258132438303,0.06727272727272732,true,true
48,25_34|woman|high_school,4,0.01930104756044698,0.08080808080808081,0.1,0.03801313060309316,0.062767376319475,0.06056206885776514,-0.01871208304264618,0.018040704488605813,0.039437931142234865,0.01919191919191919,true,false
48,25_34|woman|high_school,5,0.17241076961179627,0.13131313131313133,0.08,0.1846543746470523,0.07622407331845231,0.06091553258465384,-0.012243605035256039,0.05508905799467902,0.01908446741534616,-0.051313131313131324,true,true
48,25_34|woman|high_school,6,0.07579899847592404,0.030303030303030304,0.03,0.0694050035265844,0.05794848990367318,0.02621111056800797,0.006393994949339649,-0.027645459600642873,0.003788889431992029,-0.000303030303030305,true,false
48,25_34|woman|high_school,7,0.0,0.020202020202020204,0.05,0.01998148674339096,0.025623456239149252,0.037161582788321455,-0.01998148674339096,-0.005421436037129048,0.012838417211678547,0.0297979797979798,true,false
48,25_34|woman|high_school,9,0.21768228469296316,0.21212121212121213,0.18,0.24516876478077407,0.19095824656473487,0.15712991397167475,-0.027486480087810905,0.02116296555647726,0.022870086028325243,-0.032121212121212134,true,true
48,25_34|woman|no_diploma,1,0.1247677062062838,0.21212121212121213,0.10101010101010101,0.13766821242229876,0.19562942565110786,0.1583902580204331,-0.012900506216014962,0.01649178647010427,-0.0573801570103321,-0.11111111111111112,true,true
48,25_34|woman|no_diploma,2,0.07208422208016614,0.09090909090909091,0.08080808080808081,0.08474216143592866,0.13769146835727591,0.17785279134158205,-0.012657939355762524,-0.046782377448185,-0.09704471053350124,-0.010101010101010097,true,true
48,25_34|woman|no_diploma,3,0.2713105347032075,0.30303030303030304,0.42424242424242425,0.2203668658408777,0.2531574636461316,0.3217767418675617,0.05094366886232979,0.04987283938417142,0.10246568237486253,0.12121212121212122,true,true
48,25_34|woman|no_diploma,4,0.07208422208016614,0.0707070707070707,0.050505050505050504,0.03801313060309316,0.062767376319475,0.06056206885776514,0.03407109147707298,0.007939694387595703,-0.010057018352714636,-0.0202020202020202,true,false
48,25_34|woman|no_diploma,5,0.1409017087873516,0.06060606060606061,0.1111111111111111,0.1846543746470523,0.07622407331845231,0.06091553258465384,-0.04375266585970072,-0.015618012712391702,0.050195578526457264,0.0505050505050505,true,false
48,25_34|woman|no_diploma,6,0.1255090452877179,0.08080808080808081,0.06060606060606061,0.0694050035265844,0.05794848990367318,0.02621111056800797,0.0561040417611335,0.022859590904407638,0.03439495003805264,-0.020202020202020207,true,false
48,25_34|woman|no_diploma,7,0.0,0.030303030303030304,0.04040404040404041,0.01998148674339096,0.025623456239149252,0.037161582788321455,-0.01998148674339096,0.004679574063881052,0.003242457615718952,0.010101010101010104,true,false
48,25_34|woman|no_diploma,9,0.19334256085510695,0.15151515151515152,0.13131313131313133,0.24516876478077407,0.19095824656473487,0.15712991397167475,-0.051826203925667114,-0.03944309504958335,-0.025816782658543425,-0.020202020202020193,true,true
48,35_44|man|above_bachelor,1,0.22397453439597997,0.31313131313131315,0.17,0.13766821242229876,0.19562942565110786,0.1583902580204331,0.08630632197368121,0.11750188748020529,0.011609741979566907,-0.14313131313131314,true,false
48,35_44|man|above_bachelor,2,0.09722113049620687,0.13131313131313133,0.24,0.08474216143592866,0.13769146835727591,0.17785279134158205,0.012478969060278206,-0.006378337044144589,0.06214720865841794,0.10868686868686867,true,true
48,35_44|man|above_bachelor,3,0.18051079372257892,0.1919191919191919,0.26,0.2203668658408777,0.2531574636461316,0.3217767418675617,-0.03985607211829878,-0.061238271726939714,-0.06177674186756171,0.0680808080808081,true,false
48,35_44|man|above_bachelor,4,0.0,0.0707070707070707,0.1,0.03801313060309316,0.062767376319475,0.06056206885776514,-0.03801313060309316,0.007939694387595703,0.039437931142234865,0.0292929292929293,true,false
48,35_44|man|above_bachelor,5,0.22945836097176686,0.09090909090909091,0.0,0.1846543746470523,0.07622407331845231,0.06091553258465384,0.04480398632471455,0.014685017590638602,-0.06091553258465384,-0.09090909090909091,true,false
48,35_44|man|above_bachelor,6,0.1657098482570535,0.0707070707070707,0.02,0.0694050035265844,0.05794848990367318,0.02621111056800797,0.09630484473046912,0.012758580803397528,-0.006211110568007969,-0.0507070707070707,true,false
48,35_44|man|above_bachelor,7,0.0,0.0,0.07,0.01998148674339096,0.025623456239149252,0.037161582788321455,-0.01998148674339096,-0.025623456239149252,0.03283841721167855,0.07,true,false
48,35_44|man|above_bachelor,9,0.10312533215641387,0.13131313131313133,0.14,0.24516876478077407,0.19095824656473487,0.15712991397167475,-0.1420434326243602,-0.05964511525160354,-0.017129913971674737,0.008686868686868687,true,false
48,35_44|man|bachelor,1,0.17157276855927175,0.17346938775510204,0.13402061855670103,0.13766821242229876,0.19562942565110786,0.1583902580204331,0.03390455613697299,-0.02216003789600582,-0.02436963946373208,-0.03944876919840101,true,false
48,35_44|man|bachelor,2,0.1181312617778798,0.15306122448979592,0.18556701030927836,0.08474216143592866,0.13769146835727591,0.17785279134158205,0.03338910034195114,0.015369756132520007,0.007714218967696307,0.032505785819482436,true,true
48,35_44|man|bachelor,3,0.24765208330947872,0.20408163265306123,0.24742268041237114,0.2203668658408777,0.2531574636461316,0.3217767418675617,0.02728521746860102,-0.04907583099307039,-0.07435406145519058,0.043341047759309914,true,true
48,35_44|man|bachelor,4,0.04657997860544661,0.04081632653061224,0.061855670103092786,0.03801313060309316,0.062767376319475,0.06056206885776514,0.008566848002353453,-0.02195104978886276,0.0012936012453276455,0.021039343572480544,true,true
48,35_44|man|bachelor,5,0.19372789391087078,0.02040816326530612,0.05154639175257732,0.1846543746470523,0.07622407331845231,0.06091553258465384,0.00907351926381847,-0.05581591005314619,-0.009369140832076524,0.031138228487271196,true,true
48,35_44|man|bachelor,6,0.04517269508811746,0.1326530612244898,0.041237113402061855,0.0694050035265844,0.05794848990367318,0.02621111056800797,-0.024232308438466937,0.07470457132081662,0.015026002834053885,-0.09141594782242796,true,true
48,35_44|man|bachelor,7,0.030349677311633162,0.061224489795918366,0.061855670103092786,0.01998148674339096,0.025623456239149252,0.037161582788321455,0.010368190568242203,0.035601033556769114,0.02469408731477133,0.0006311803071744199,true,true
48,35_44|man|bachelor,9,0.14681364143730172,0.21428571428571427,0.21649484536082475,0.24516876478077407,0.19095824656473487,0.15712991397167475,-0.09835512334347235,0.023327467720979406,0.05936493138915,0.0022091310751104765,true,false
48,35_44|man|college_trades,1,0.12383267432204813,0.18,0.10101010101010101,0.13766821242229876,0.19562942565110786,0.1583902580204331,-0.013835538100250636,-0.015629425651107864,-0.0573801570103321,-0.07898989898989899,true,true
48,35_44|man|college_trades,2,0.022512441303316887,0.17,0.24242424242424243,0.08474216143592866,0.13769146835727591,0.17785279134158205,-0.06222972013261178,0.0323085316427241,0.06457145108266038,0.07242424242424242,true,false
48,35_44|man|college_trades,3,0.3247073858410548,0.19,0.36363636363636365,0.2203668658408777,0.2531574636461316,0.3217767418675617,0.1043405200001771,-0.06315746364613162,0.041859621768801925,0.17363636363636364,true,true
48,35_44|man|college_trades,4,0.09004976521326755,0.07,0.0707070707070707,0.03801313060309316,0.062767376319475,0.06056206885776514,0.05203663461017439,0.007232623680525005,0.010145001849305564,0.0007070707070706977,true,true
48,35_44|man|college_trades,5,0.1280087519251746,0.1,0.050505050505050504,0.1846543746470523,0.07622407331845231,0.06091553258465384,-0.0566456227218777,0.023775926681547696,-0.010410482079603336,-0.0494949494949495,true,true
48,35_44|man|college_trades,6,0.08668178748114717,0.09,0.030303030303030304,0.0694050035265844,0.05794848990367318,0.02621111056800797,0.01727678395456278,0.03205151009632682,0.004091919735022334,-0.05969696969696969,true,false
48,35_44|man|college_trades,7,0.017705197732107603,0.02,0.020202020202020204,0.01998148674339096,0.025623456239149252,0.037161582788321455,-0.002276289011283357,-0.005623456239149251,-0.01695956258630125,0.00020202020202020332,true,false
48,35_44|man|college_trades,9,0.20650199618188328,0.18,0.12121212121212122,0.24516876478077407,0.19095824656473487,0.15712991397167475,-0.03866676859889079,-0.010958246564734875,-0.035917792759553535,-0.05878787878787878,true,true
48,35_44|man|high_school,1,0.08835528197078982,0.2,0.1111111111111111,0.13766821242229876,0.19562942565110786,0.1583902580204331,-0.049312930451508946,0.004370574348892153,-0.047279146909322,-0.0888888888888889,true,true
48,35_44|man|high_school,2,0.09354246448431586,0.16,0.16161616161616163,0.08474216143592866,0.13769146835727591,0.17785279134158205,0.008800303048387192,0.02230853164272409,-0.01623662972542042,0.0016161616161616266,true,true
48,35_44|man|high_school,3,0.181501840495773,0.21,0.40404040404040403,0.2203668658408777,0.2531574636461316,0.3217767418675617,-0.03886502534510469,-0.04315746364613163,0.08226366217284231,0.19404040404040404,true,false
48,35_44|man|high_school,4,0.07413031268248116,0.1,0.0707070707070707,0.03801313060309316,0.062767376319475,0.06056206885776514,0.036117182079388,0.037232623680525004,0.010145001849305564,-0.0292929292929293,true,false
48,35_44|man|high_school,5,0.19059119873978012,0.07,0.06060606060606061,0.1846543746470523,0.07622407331845231,0.06091553258465384,0.005936824092727805,-0.006224073318452303,-0.0003094719785932329,-0.009393939393939399,true,false
48,35_44|man|high_school,6,0.13566146821898056,0.07,0.08080808080808081,0.0694050035265844,0.05794848990367318,0.02621111056800797,0.06625646469239617,0.01205151009632683,0.054596970240072845,0.010808080808080808,true,true
48,35_44|man|high_school,7,0.014477950707817582,0.01,0.010101010101010102,0.01998148674339096,0.025623456239149252,0.037161582788321455,-0.005503536035573377,-0.015623456239149252,-0.02706057268731135,0.00010101010101010166,true,false
48,35_44|man|high_school,9,0.2217394827000619,0.18,0.10101010101010101,0.24516876478077407,0.19095824656473487,0.15712991397167475,-0.023429282080712155,-0.010958246564734875,-0.05611981296157374,-0.07898989898989899,true,true
48,35_44|woman|above_bachelor,1,0.056284742138693784,0.2222222222222222,0.14,0.13766821242229876,0.19562942565110786,0.1583902580204331,-0.08138347028360499,0.026592796571114352,-0.018390258020433092,-0.0822222222222222,true,true
48,35_44|woman|above_bachelor,2,0.018469337378193375,0.08080808080808081,0.12,0.08474216143592866,0.13769146835727591,0.17785279134158205,-0.0662728240577353,-0.0568833875491951,-0.057852791341582055,0.03919191919191918,true,false
48,35_44|woman|above_bachelor,3,0.2856582621966994,0.2727272727272727,0.52,0.2203668658408777,0.2531574636461316,0.3217767418675617,0.06529139635582168,0.019569809081141087,0.1982232581324383,0.2472727272727273,true,true
48,35_44|woman|above_bachelor,4,0.03869213476461407,0.030303030303030304,0.04,0.03801313060309316,0.062767376319475,0.06056206885776514,0.0006790041615209116,-0.0324643460164447,-0.02056206885776514,0.009696969696969697,true,true
48,35_44|woman|above_bachelor,5,0.2677749895192287,0.08080808080808081,0.03,0.1846543746470523,0.07622407331845231,0.06091553258465384,0.08312061487217637,0.0045840074896285055,-0.030915532584653842,-0.050808080808080816,true,false
48,35_44|woman|above_bachelor,6,0.03693867475638675,0.06060606060606061,0.02,0.0694050035265844,0.05794848990367318,0.02621111056800797,-0.032466328770197644,0.002657570702387431,-0.006211110568007969,-0.040606060606060604,true,true
48,35_44|woman|above_bachelor,7,0.018469337378193375,0.04040404040404041,0.03,0.01998148674339096,0.025623456239149252,0.037161582788321455,-0.0015121493651975848,0.014780584164891156,-0.007161582788321456,-0.010404040404040409,true,true
48,35_44|woman|above_bachelor,9,0.27771252186799056,0.21212121212121213,0.1,0.24516876478077407,0.19095824656473487,0.15712991397167475,0.03254375708721649,0.02116296555647726,-0.057129913971674745,-0.11212121212121212,true,false
48,35_44|woman|bachelor,1,0.11971815720025432,0.26,0.1326530612244898,0.13766821242229876,0.19562942565110786,0.1583902580204331,-0.017950055222044445,0.06437057434889215,-0.0257371967959433,-0.1273469387755102,true,true
48,35_44|woman|bachelor,2,0.08973594028961442,0.09,0.2857142857142857,0.08474216143592866,0.13769146835727591,0.17785279134158205,0.004993778853685751,-0.04769146835727592,0.10786149437270365,0.1957142857142857,true,true
48,35_44|woman|bachelor,3,0.272315765825346,0.29,0.336734693877551,0.2203668658408777,0.2531574636461316,0.3217767418675617,0.051948899984468305,0.03684253635386836,0.014957952009989284,0.046734693877551026,true,true
48,35_44|woman|bachelor,4,0.0158724870656444,0.06,0.01020408163265306,0.03801313060309316,0.062767376319475,0.06056206885776514,-0.022140643537448757,-0.002767376319475004,-0.05035798722511208,-0.04979591836734694,true,true
48,35_44|woman|bachelor,5,0.15564445657235196,0.1,0.061224489795918366,0.1846543746470523,0.07622407331845231,0.06091553258465384,-0.029009918074700353,0.023775926681547696,0.0003089572112645253,-0.03877551020408164,true,true
48,35_44|woman|bachelor,6,0.06811659520088227,0.05,0.02040816326530612,0.0694050035265844,0.05794848990367318,0.02621111056800797,-0.0012884083257021228,-0.007948489903673174,-0.005802947302701849,-0.029591836734693882,true,true
48,35_44|woman|bachelor,7,0.0079362435328222,0.02,0.05102040816326531,0.01998148674339096,0.025623456239149252,0.037161582788321455,-0.01204524321056876,-0.005623456239149251,0.013858825374943852,0.031020408163265307,true,false
48,35_44|woman|bachelor,9,0.2706603543130844,0.13,0.10204081632653061,0.24516876478077407,0.19095824656473487,0.15712991397167475,0.025491589532310316,-0.060958246564734864,-0.055089097645144136,-0.02795918367346939,true,false
48,35_44|woman|college_trades,1,0.1113517063407864,0.16,0.20618556701030927,0.13766821242229876,0.19562942565110786,0.1583902580204331,-0.02631650608151237,-0.035629425651107854,0.04779530898987616,0.046185567010309264,true,false
48,35_44|woman|college_trades,2,0.0645902652298126,0.19,0.1134020618556701,0.08474216143592866,0.13769146835727591,0.17785279134158205,-0.02015189620611607,0.05230853164272409,-0.06445072948591195,-0.0765979381443299,true,true
48,35_44|woman|college_trades,3,0.22295869843808605,0.29,0.31958762886597936,0.2203668658408777,0.2531574636461316,0.3217767418675617,0.0025918325972083545,0.03684253635386836,-0.0021891130015823657,0.029587628865979376,true,true
48,35_44|woman|college_trades,4,0.03343536614535189,0.09,0.030927835051546393,0.03801313060309316,0.062767376319475,0.06056206885776514,-0.0045777644577412666,0.027232623680524995,-0.029634233806218747,-0.059072164948453604,true,true
48,35_44|woman|college_trades,5,0.17887889599515694,0.06,0.07216494845360824,0.1846543746470523,0.07622407331845231,0.06091553258465384,-0.005775478651895372,-0.01622407331845231,0.0112494158689544,0.012164948453608243,true,false
48,35_44|woman|college_trades,6,0.0835984804278112,0.04,0.030927835051546393,0.0694050035265844,0.05794848990367318,0.02621111056800797,0.014193476901226812,-0.017948489903673176,0.004716724483538423,-0.009072164948453608,true,false
48,35_44|woman|college_trades,7,0.0,0.03,0.020618556701030927,0.01998148674339096,0.025623456239149252,0.037161582788321455,-0.01998148674339096,0.004376543760850747,-0.016543026087290528,-0.009381443298969071,true,true
48,35_44|woman|college_trades,9,0.3051865874229949,0.14,0.20618556701030927,0.24516876478077407,0.19095824656473487,0.15712991397167475,0.06001782264222086,-0.050958246564734855,0.04905565303863452,0.06618556701030925,true,true
48,35_44|woman|high_school,1,0.16127507936631857,0.18,0.15,0.13766821242229876,0.19562942565110786,0.1583902580204331,0.02360686694401981,-0.015629425651107864,-0.008390258020433111,-0.03,true,false
48,35_44|woman|high_school,2,0.1273318842182671,0.09,0.2,0.08474216143592866,0.13769146835727591,0.17785279134158205,0.04258972278233844,-0.04769146835727592,0.02214720865841796,0.11000000000000001,true,true
48,35_44|woman|high_school,3,0.15698691423697297,0.35,0.31,0.2203668658408777,0.2531574636461316,0.3217767418675617,-0.06337995160390472,0.09684253635386836,-0.011776741867561724,-0.03999999999999998,true,true
48,35_44|woman|high_school,4,0.033844356469103665,0.05,0.07,0.03801313060309316,0.062767376319475,0.06056206885776514,-0.004168774133989493,-0.012767376319474999,0.009437931142234866,0.020000000000000004,true,false
48,35_44|woman|high_school,5,0.12489314142562402,0.06,0.04,0.1846543746470523,0.07622407331845231,0.06091553258465384,-0.05976123322142829,-0.01622407331845231,-0.02091553258465384,-0.019999999999999997,true,true
48,35_44|woman|high_school,6,0.08005406421532618,0.07,0.02,0.0694050035265844,0.05794848990367318,0.02621111056800797,0.010649060688741788,0.01205151009632683,-0.006211110568007969,-0.05,true,false
48,35_44|woman|high_school,7,0.02924932408570864,0.03,0.01,0.01998148674339096,0.025623456239149252,0.037161582788321455,0.009267837342317682,0.004376543760850747,-0.027161582788321453,-0.019999999999999997,true,false
48,35_44|woman|high_school,9,0.2863652359826789,0.17,0.2,0.24516876478077407,0.19095824656473487,0.15712991397167475,0.04119647120190481,-0.020958246564734856,0.04287008602832526,0.03,true,true
48,45_54|man|above_bachelor,1,0.12163179406793916,0.16161616161616163,0.09090909090909091,0.13766821242229876,0.19562942565110786,0.1583902580204331,-0.016036418354359608,-0.03401326403494623,-0.0674811671113422,-0.07070707070707072,true,true
48,45_54|man|above_bachelor,2,0.14774916567789959,0.12121212121212122,0.1111111111111111,0.08474216143592866,0.13769146835727591,0.17785279134158205,0.06300700424197092,-0.0164793471451547,-0.06674168023047095,-0.01010101010101011,true,false
48,45_54|man|above_bachelor,3,0.3274669523524048,0.1717171717171717,0.48484848484848486,0.2203668658408777,0.2531574636461316,0.3217767418675617,0.10710008651152711,-0.08144029192895991,0.16307174298092314,0.31313131313131315,true,true
48,45_54|man|above_bachelor,4,0.0,0.13131313131313133,0.0707070707070707,0.03801313060309316,0.062767376319475,0.06056206885776514,-0.03801313060309316,0.06854575499365632,0.010145001849305564,-0.06060606060606062,true,true
48,45_54|man|above_bachelor,5,0.21082301112729313,0.08080808080808081,0.0707070707070707,0.1846543746470523,0.07622407331845231,0.06091553258465384,0.026168636480240814,0.0045840074896285055,0.009791538122416864,-0.01010101010101011,true,false
48,45_54|man|above_bachelor,6,0.026586131841608074,0.04040404040404041,0.030303030303030304,0.0694050035265844,0.05794848990367318,0.02621111056800797,-0.04281887168497632,-0.01754444949963277,0.004091919735022334,-0.010101010101010104,true,true
48,45_54|man|above_bachelor,7,0.0,0.020202020202020204,0.030303030303030304,0.01998148674339096,0.025623456239149252,0.037161582788321455,-0.01998148674339096,-0.005421436037129048,-0.006858552485291151,0.0101010101010101,true,false
48,45_54|man|above_bachelor,9,0.16574294493285524,0.2727272727272727,0.1111111111111111,0.24516876478077407,0.19095824656473487,0.15712991397167475,-0.07942581984791883,0.08176902616253784,-0.046018802860563646,-0.1616161616161616,true,true
48,45_54|man|bachelor,1,0.13666803433026428,0.20833333333333334,0.29292929292929293,0.13766821242229876,0.19562942565110786,0.1583902580204331,-0.0010001780920344816,0.012703907682225485,0.13453903490885982,0.08459595959595959,true,false
48,45_54|man|bachelor,2,0.061555745283367574,0.14583333333333334,0.21212121212121213,0.08474216143592866,0.13769146835727591,0.17785279134158205,-0.02318641615256109,0.008141864976057428,0.03426842077963008,0.06628787878787878,true,false
48,45_54|man|bachelor,3,0.1462602465647726,0.1875,0.2222222222222222,0.2203668658408777,0.2531574636461316,0.3217767418675617,-0.0741066192761051,-0.06565746364613162,-0.09955451964533951,0.03472222222222221,true,false
48,45_54|man|bachelor,4,0.04308870129444549,0.11458333333333333,0.0707070707070707,0.03801313060309316,0.062767376319475,0.06056206885776514,0.005075570691352331,0.05181595701385833,0.010145001849305564,-0.043876262626262624,true,false
48,45_54|man|bachelor,5,0.14944513686272334,0.0625,0.08080808080808081,0.1846543746470523,0.07622407331845231,0.06091553258465384,-0.03520923778432897,-0.01372407331845231,0.019892548223426974,0.018308080808080815,true,false
48,45_54|man|bachelor,6,0.11656791077965015,0.052083333333333336,0.030303030303030304,0.0694050035265844,0.05794848990367318,0.02621111056800797,0.04716290725306575,-0.005865156570339841,0.004091919735022334,-0.021780303030303032,true,false
48,45_54|man|bachelor,7,0.01480625153366843,0.041666666666666664,0.020202020202020204,0.01998148674339096,0.025623456239149252,0.037161582788321455,-0.0051752352097225295,0.016043210427517413,-0.01695956258630125,-0.02146464646464646,true,true
48,45_54|man|bachelor,9,0.33160797335110814,0.1875,0.0707070707070707,0.24516876478077407,0.19095824656473487,0.15712991397167475,0.08643920857033408,-0.003458246564734868,-0.08642284326460405,-0.1167929292929293,true,false
48,45_54|man|college_trades,1,0.13422976666451403,0.19,0.1717171717171717,0.13766821242229876,0.19562942565110786,0.1583902580204331,-0.003438445757784736,-0.0056294256511078555,0.013326913696738607,-0.01828282828282829,true,true
48,45_54|man|college_trades,2,0.018354010341458313,0.14,0.20202020202020202,0.08474216143592866,0.13769146835727591,0.17785279134158205,-0.06638815109447035,0.0023085316427240987,0.024167410678619966,0.062020202020202,true,false
48,45_54|man|college_trades,3,0.23868695890869981,0.28,0.23232323232323232,0.2203668658408777,0.2531574636461316,0.3217767418675617,0.01832009306782212,0.026842536353868407,-0.0894535095443294,-0.047676767676767706,true,false
48,45_54|man|college_trades,4,0.02112273407906549,0.03,0.04040404040404041,0.03801313060309316,0.062767376319475,0.06056206885776514,-0.016890396524027667,-0.032767376319475,-0.020158028453724733,0.010404040404040409,true,false
48,45_54|man|college_trades,5,0.185676697718677,0.06,0.020202020202020204,0.1846543746470523,0.07622407331845231,0.06091553258465384,0.0010223230716246978,-0.01622407331845231,-0.04071351238263364,-0.03979797979797979,true,false
48,45_54|man|college_trades,6,0.0919089782943212,0.07,0.050505050505050504,0.0694050035265844,0.05794848990367318,0.02621111056800797,0.0225039747677368,0.01205151009632683,0.024293939937042534,-0.019494949494949503,true,false
48,45_54|man|college_trades,7,0.0,0.06,0.0707070707070707,0.01998148674339096,0.025623456239149252,0.037161582788321455,-0.01998148674339096,0.034376543760850746,0.03354548791874925,0.010707070707070707,true,false
48,45_54|man|college_trades,9,0.3100208539932642,0.17,0.21212121212121213,0.24516876478077407,0.19095824656473487,0.15712991397167475,0.06485208921249011,-0.020958246564734856,0.054991298149537376,0.042121212121212115,true,true
48,45_54|man|high_school,1,0.06732211971596298,0.16326530612244897,0.2222222222222222,0.13766821242229876,0.19562942565110786,0.1583902580204331,-0.07034609270633578,-0.03236411952865889,0.0638319642017891,0.05895691609977324,true,false
48,45_54|man|high_school,2,0.07442647438390501,0.1326530612244898,0.20202020202020202,0.08474216143592866,0.13769146835727591,0.17785279134158205,-0.010315687052023653,-0.00503840713278611,0.024167410678619966,0.06936714079571221,true,false
48,45_54|man|high_school,3,0.24239271376333557,0.21428571428571427,0.15151515151515152,0.2203668658408777,0.2531574636461316,0.3217767418675617,0.022025847922457875,-0.038871749360417346,-0.1702615903524102,-0.06277056277056275,true,false
48,45_54|man|high_school,4,0.04066293996092744,0.10204081632653061,0.15151515151515152,0.03801313060309316,0.062767376319475,0.06056206885776514,0.002649809357834279,0.03927344000705561,0.09095308265738639,0.049474335188620905,true,true
48,45_54|man|high_school,5,0.20740313167195668,0.061224489795918366,0.050505050505050504,0.1846543746470523,0.07622407331845231,0.06091553258465384,0.022748757024904365,-0.014999583522533944,-0.010410482079603336,-0.010719439290867862,true,false
48,45_54|man|high_school,6,0.10318762420963976,0.12244897959183673,0.030303030303030304,0.0694050035265844,0.05794848990367318,0.02621111056800797,0.03378262068305536,0.06450048968816355,0.004091919735022334,-0.09214594928880643,true,false
48,45_54|man|high_school,7,0.015989944553535237,0.01020408163265306,0.010101010101010102,0.01998148674339096,0.025623456239149252,0.037161582788321455,-0.003991542189855722,-0.015419374606496191,-0.02706057268731135,-0.00010307153164295854,true,true
48,45_54|man|high_school,9,0.2486150517407373,0.19387755102040816,0.18181818181818182,0.24516876478077407,0.19095824656473487,0.15712991397167475,0.0034462869599632406,0.0029193044556732883,0.024688267846507073,-0.012059369202226333,true,false
48,45_54|woman|above_bachelor,1,0.20121460389075865,0.18556701030927836,0.1414141414141414,0.13766821242229876,0.19562942565110786,0.1583902580204331,0.06354639146845989,-0.0100624153418295,-0.016976116606291697,-0.04415286889513695,true,false
48,45_54|woman|above_bachelor,2,0.024487802692324447,0.1134020618556701,0.20202020202020202,0.08474216143592866,0.13769146835727591,0.17785279134158205,-0.060254358743604214,-0.024289406501605812,0.024167410678619966,0.08861814016453191,true,false
48,45_54|woman|above_bachelor,3,0.20418450247857878,0.25773195876288657,0.35353535353535354,0.2203668658408777,0.2531574636461316,0.3217767418675617,-0.016182363362298918,0.004574495116754951,0.031758611667791814,0.09580339477246697,true,false
48,45_54|woman|above_bachelor,4,0.048898777551490503,0.05154639175257732,0.020202020202020204,0.03801313060309316,0.062767376319475,0.06056206885776514,0.010885646948397346,-0.011220984566897685,-0.04036004865574494,-0.03134437155055711,true,false
48,45_54|woman|above_bachelor,5,0.22439945681634166,0.1134020618556701,0.0707070707070707,0.1846543746470523,0.07622407331845231,0.06091553258465384,0.03974508216928935,0.03717798853721779,0.009791538122416864,-0.0426949911485994,true,false
48,45_54|woman|above_bachelor,6,0.08270165907140867,0.08247422680412371,0.010101010101010102,0.0694050035265844,0.05794848990367318,0.02621111056800797,0.013296655544824273,0.024525736900450533,-0.016110100466997866,-0.07237321670311361,true,false
48,45_54|woman|above_bachelor,7,0.04779077281246949,0.061855670103092786,0.04040404040404041,0.01998148674339096,0.025623456239149252,0.037161582788321455,0.02780928606907853,0.036232213863943534,0.003242457615718952,-0.02145162969905238,true,false
48,45_54|woman|above_bachelor,9,0.16632242468662778,0.13402061855670103,0.16161616161616163,0.24516876478077407,0.19095824656473487,0.15712991397167475,-0.07884634009414629,-0.05693762800803384,0.004486247644486879,0.027595543059460603,true,false
48,45_54|woman|bachelor,1,0.12698069748409377,0.1414141414141414,0.13,0.13766821242229876,0.19562942565110786,0.1583902580204331,-0.010687514938204995,-0.05421528423696645,-0.0283902580204331,-0.011414141414141404,true,true
48,45_54|woman|bachelor,2,0.07162291270911827,0.10101010101010101,0.15,0.08474216143592866,0.13769146835727591,0.17785279134158205,-0.01311924872681039,-0.036681367347174906,-0.027852791341582056,0.048989898989898986,true,false
48,45_54|woman|bachelor,3,0.19574547345291438,0.3434343434343434,0.41,0.2203668658408777,0.2531574636461316,0.3217767418675617,-0.02462139238796332,0.0902768797882118,0.08822325813243825,0.06656565656565655,true,false
48,45_54|woman|bachelor,4,0.0097049520449299,0.04040404040404041,0.04,0.03801313060309316,0.062767376319475,0.06056206885776514,-0.02830817855816326,-0.022363335915434594,-0.02056206885776514,-0.00040404040404040664,true,true
48,45_54|woman|bachelor,5,0.2032882149225825,0.09090909090909091,0.05,0.1846543746470523,0.07622407331845231,0.06091553258465384,0.018633840275530195,0.014685017590638602,-0.010915532584653838,-0.04090909090909091,true,false
48,45_54|woman|bachelor,6,0.06893784512008216,0.030303030303030304,0.03,0.0694050035265844,0.05794848990367318,0.02621111056800797,-0.00046715840650222995,-0.027645459600642873,0.003788889431992029,-0.000303030303030305,true,true
48,45_54|woman|bachelor,7,0.011985262952940319,0.020202020202020204,0.06,0.01998148674339096,0.025623456239149252,0.037161582788321455,-0.007996223790450641,-0.005421436037129048,0.022838417211678542,0.03979797979797979,true,false
48,45_54|woman|bachelor,9,0.31173464131333867,0.23232323232323232,0.13,0.24516876478077407,0.19095824656473487,0.15712991397167475,0.0665658765325646,0.04136498575849745,-0.027129913971674746,-0.10232323232323232,true,false
48,45_54|woman|college_trades,1,0.12033016250597024,0.2,0.1836734693877551,0.13766821242229876,0.19562942565110786,0.1583902580204331,-0.01733804991632852,0.004370574348892153,0.025283211367322006,-0.0163265306122449,true,true
48,45_54|woman|college_trades,2,0.03327389371647643,0.14,0.20408163265306123,0.08474216143592866,0.13769146835727591,0.17785279134158205,-0.05146826771945223,0.0023085316427240987,0.02622884131147918,0.06408163265306122,true,false
48,45_54|woman|college_trades,3,0.22424432197498284,0.2,0.24489795918367346,0.2203668658408777,0.2531574636461316,0.3217767418675617,0.003877456134105145,-0.05315746364613161,-0.07687878268388826,0.04489795918367345,true,true
48,45_54|woman|college_trades,4,0.04099917986924209,0.05,0.02040816326530612,0.03801313060309316,0.062767376319475,0.06056206885776514,0.002986049266148934,-0.012767376319474999,-0.040153905592459016,-0.029591836734693882,true,false
48,45_54|woman|college_trades,5,0.21992454727550353,0.1,0.05102040816326531,0.1846543746470523,0.07622407331845231,0.06091553258465384,0.035270172628451224,0.023775926681547696,-0.009895124421388533,-0.0489795918367347,true,false
48,45_54|woman|college_trades,6,0.06324731043042463,0.06,0.01020408163265306,0.0694050035265844,0.05794848990367318,0.02621111056800797,-0.0061576930961597665,0.002051510096326821,-0.01600702893535491,-0.04979591836734694,true,true
48,45_54|woman|college_trades,7,0.029657581003959266,0.01,0.030612244897959183,0.01998148674339096,0.025623456239149252,0.037161582788321455,0.009676094260568306,-0.015623456239149252,-0.006549337890362272,0.02061224489795918,true,true
48,45_54|woman|college_trades,9,0.268323003223441,0.24,0.25510204081632654,0.24516876478077407,0.19095824656473487,0.15712991397167475,0.023154238442666925,0.04904175343526512,0.09797212684465179,0.015102040816326545,true,true
48,45_54|woman|high_school,1,0.13002566662452666,0.1919191919191919,0.13,0.13766821242229876,0.19562942565110786,0.1583902580204331,-0.007642545797772099,-0.0037102337319159517,-0.0283902580204331,-0.0619191919191919,true,true
48,45_54|woman|high_school,2,0.08805821792925607,0.13131313131313133,0.21,0.08474216143592866,0.13769146835727591,0.17785279134158205,0.0033160564933274045,-0.006378337044144589,0.03214720865841794,0.07868686868686867,true,true
48,45_54|woman|high_school,3,0.2231318428791156,0.30303030303030304,0.2,0.2203668658408777,0.2531574636461316,0.3217767418675617,0.0027649770382379146,0.04987283938417142,-0.12177674186756171,-0.10303030303030303,true,false
48,45_54|woman|high_school,4,0.013969326168204427,0.04040404040404041,0.06,0.03801313060309316,0.062767376319475,0.06056206885776514,-0.02404380443488873,-0.022363335915434594,-0.0005620688577651425,0.01959595959595959,true,false
48,45_54|woman|high_school,5,0.11969877784391057,0.08080808080808081,0.08,0.1846543746470523,0.07622407331845231,0.06091553258465384,-0.06495559680314174,0.0045840074896285055,0.01908446741534616,-0.0008080808080808133,true,true
48,45_54|woman|high_school,6,0.09379877745068443,0.06060606060606061,0.03,0.0694050035265844,0.05794848990367318,0.02621111056800797,0.02439377392410004,0.002657570702387431,0.003788889431992029,-0.03060606060606061,true,false
48,45_54|woman|high_school,7,0.01213825657891502,0.030303030303030304,0.04,0.01998148674339096,0.025623456239149252,0.037161582788321455,-0.00784323016447594,0.004679574063881052,0.0028384172116785455,0.009696969696969697,true,false
48,45_54|woman|high_school,9,0.3191791345253872,0.16161616161616163,0.25,0.24516876478077407,0.19095824656473487,0.15712991397167475,0.07401036974461314,-0.029342084948573238,0.09287008602832525,0.08838383838383837,true,true
48,45_54|woman|no_diploma,1,0.07491855679671038,0.25252525252525254,0.19,0.13766821242229876,0.19562942565110786,0.1583902580204331,-0.06274965562558839,0.056895826874144684,0.0316097419795669,-0.06252525252525254,true,true
48,45_54|woman|no_diploma,2,0.057354183587411324,0.18181818181818182,0.15,0.08474216143592866,0.13769146835727591,0.17785279134158205,-0.02738797784851734,0.04412671346090591,-0.027852791341582056,-0.03181818181818183,true,true
48,45_54|woman|no_diploma,3,0.1408107701552215,0.20202020202020202,0.29,0.2203668658408777,0.2531574636461316,0.3217767418675617,-0.07955609568565619,-0.0511372616259296,-0.03177674186756174,0.08797979797979796,true,false
48,45_54|woman|no_diploma,4,0.07847490612670464,0.030303030303030304,0.04,0.03801313060309316,0.062767376319475,0.06056206885776514,0.040461775523611486,-0.0324643460164447,-0.02056206885776514,0.009696969696969697,true,true
48,45_54|woman|no_diploma,5,0.13847958260574283,0.04040404040404041,0.03,0.1846543746470523,0.07622407331845231,0.06091553258465384,-0.046174792041309476,-0.0358200329144119,-0.030915532584653842,-0.010404040404040409,true,true
48,45_54|woman|no_diploma,6,0.07029100041483471,0.06060606060606061,0.02,0.0694050035265844,0.05794848990367318,0.02621111056800797,0.0008859968882503205,0.002657570702387431,-0.006211110568007969,-0.040606060606060604,true,false
48,45_54|woman|no_diploma,7,0.0,0.010101010101010102,0.06,0.01998148674339096,0.025623456239149252,0.037161582788321455,-0.01998148674339096,-0.01552244613813915,0.022838417211678542,0.049898989898989894,true,false
48,45_54|woman|no_diploma,9,0.4396710003133746,0.2222222222222222,0.22,0.24516876478077407,0.19095824656473487,0.15712991397167475,0.19450223553260051,0.03126397565748734,0.06287008602832525,-0.0022222222222222088,true,false
48,55_64|man|above_bachelor,1,0.11310525190624984,0.24242424242424243,0.15306122448979592,0.13766821242229876,0.19562942565110786,0.1583902580204331,-0.02456296051604892,0.04679481677313457,-0.005329033530637184,-0.08936301793444651,true,true
48,55_64|man|above_bachelor,2,0.047489232528098384,0.09090909090909091,0.30612244897959184,0.08474216143592866,0.13769146835727591,0.17785279134158205,-0.03725292890783028,-0.046782377448185,0.1282696576380098,0.21521335807050093,true,false
48,55_64|man|above_bachelor,3,0.27777517212102276,0.24242424242424243,0.19387755102040816,0.2203668658408777,0.2531574636461316,0.3217767418675617,0.057408306280145066,-0.010733221221889189,-0.12789919084715357,-0.048546691403834275,true,false
48,55_64|man|above_bachelor,4,0.048590244438201056,0.06060606060606061,0.09183673469387756,0.03801313060309316,0.062767376319475,0.06056206885776514,0.010577113835107899,-0.002161315713414394,0.031274665836112416,0.031230674087816948,true,true
48,55_64|man|above_bachelor,5,0.18774834726239226,0.1414141414141414,0.09183673469387756,0.1846543746470523,0.07622407331845231,0.06091553258465384,0.003093972615339946,0.0651900680956891,0.030921202109223715,-0.04957740672026385,true,false
48,55_64|man|above_bachelor,6,0.06814968110762384,0.06060606060606061,0.07142857142857142,0.0694050035265844,0.05794848990367318,0.02621111056800797,-0.00125532241896055,0.002657570702387431,0.045217460860563455,0.010822510822510817,true,false
48,55_64|man|above_bachelor,7,0.05160347865302475,0.010101010101010102,0.030612244897959183,0.01998148674339096,0.025623456239149252,0.037161582788321455,0.03162199190963379,-0.01552244613813915,-0.006549337890362272,0.02051123479694908,true,true
48,55_64|man|above_bachelor,9,0.20553859198338714,0.15151515151515152,0.061224489795918366,0.24516876478077407,0.19095824656473487,0.15712991397167475,-0.039630172797386926,-0.03944309504958335,-0.09590542417575638,-0.09029066171923315,true,true
48,55_64|man|bachelor,1,0.19151117160604886,0.22,0.19,0.13766821242229876,0.19562942565110786,0.1583902580204331,0.053842959183750094,0.024370574348892143,0.0316097419795669,-0.03,true,false
48,55_64|man|bachelor,2,0.08044138447451415,0.15,0.33,0.08474216143592866,0.13769146835727591,0.17785279134158205,-0.00430077696141451,0.01230853164272408,0.15214720865841797,0.18000000000000002,true,false
48,55_64|man|bachelor,3,0.14410473148515215,0.23,0.14,0.2203668658408777,0.2531574636461316,0.3217767418675617,-0.07626213435572554,-0.02315746364613161,-0.1817767418675617,-0.09,true,true
48,55_64|man|bachelor,4,0.013581776457258688,0.08,0.04,0.03801313060309316,0.062767376319475,0.06056206885776514,-0.024431354145834472,0.017232623680525,-0.02056206885776514,-0.04,true,true
48,55_64|man|bachelor,5,0.2527943963742676,0.04,0.03,0.1846543746470523,0.07622407331845231,0.06091553258465384,0.06814002172721528,-0.03622407331845231,-0.030915532584653842,-0.010000000000000002,true,false
48,55_64|man|bachelor,6,0.07619584919885872,0.11,0.02,0.0694050035265844,0.05794848990367318,0.02621111056800797,0.006790845672274323,0.052051510096326824,-0.006211110568007969,-0.09,true,false
48,55_64|man|bachelor,7,0.025131650196654573,0.04,0.05,0.01998148674339096,0.025623456239149252,0.037161582788321455,0.005150163453263613,0.014376543760850749,0.012838417211678547,0.010000000000000002,true,true
48,55_64|man|bachelor,9,0.21623904020724527,0.13,0.2,0.24516876478077407,0.19095824656473487,0.15712991397167475,-0.028929724573528798,-0.060958246564734864,0.04287008602832526,0.07,true,false
48,55_64|man|college_trades,1,0.1340727473072111,0.30303030303030304,0.18181818181818182,0.13766821242229876,0.19562942565110786,0.1583902580204331,-0.0035954651150876538,0.10740087737919518,0.023427923797748718,-0.12121212121212122,true,true
48,55_64|man|college_trades,2,0.12678868374156263,0.13131313131313133,0.1919191919191919,0.08474216143592866,0.13769146835727591,0.17785279134158205,0.042046522305633965,-0.006378337044144589,0.014066400577609856,0.06060606060606058,true,true
48,55_64|man|college_trades,3,0.11025344609875566,0.21212121212121213,0.1717171717171717,0.2203668658408777,0.2531574636461316,0.3217767418675617,-0.11011341974212203,-0.04103625152491949,-0.15005957015039,-0.040404040404040414,true,true
48,55_64|man|college_trades,4,0.057573881645819454,0.030303030303030304,0.10101010101010101,0.03801313060309316,0.062767376319475,0.06056206885776514,0.019560751042726296,-0.0324643460164447,0.04044803215233587,0.0707070707070707,true,true
48,55_64|man|college_trades,5,0.22283081338603886,0.09090909090909091,0.06060606060606061,0.1846543746470523,0.07622407331845231,0.06091553258465384,0.038176438738986546,0.014685017590638602,-0.0003094719785932329,-0.030303030303030304,true,false
48,55_64|man|college_trades,6,0.14759388678725566,0.08080808080808081,0.06060606060606061,0.0694050035265844,0.05794848990367318,0.02621111056800797,0.07818888326067126,0.022859590904407638,0.03439495003805264,-0.020202020202020207,true,false
48,55_64|man|college_trades,7,0.04281223956340893,0.010101010101010102,0.08080808080808081,0.01998148674339096,0.025623456239149252,0.037161582788321455,0.022830752820017973,-0.01552244613813915,0.04364649801975936,0.07070707070707072,true,true
48,55_64|man|college_trades,9,0.1580743014699477,0.1414141414141414,0.15151515151515152,0.24516876478077407,0.19095824656473487,0.15712991397167475,-0.08709446331082638,-0.04954410515059346,-0.005614762456523231,0.01010101010101011,true,false
48,55_64|man|high_school,1,0.11342521526097249,0.18181818181818182,0.26,0.13766821242229876,0.19562942565110786,0.1583902580204331,-0.024242997161326274,-0.013811243832926035,0.1016097419795669,0.07818181818181819,true,false
48,55_64|man|high_school,2,0.1237849979184088,0.1717171717171717,0.21,0.08474216143592866,0.13769146835727591,0.17785279134158205,0.03904283648248014,0.0340257033598958,0.03214720865841794,0.03828282828282828,true,true
48,55_64|man|high_school,3,0.2118980443222574,0.29292929292929293,0.1,0.2203668658408777,0.2531574636461316,0.3217767418675617,-0.0084688215186203,0.03977182928316131,-0.22177674186756172,-0.19292929292929292,true,true
48,55_64|man|high_school,4,0.0,0.06060606060606061,0.12,0.03801313060309316,0.062767376319475,0.06056206885776514,-0.03801313060309316,-0.002161315713414394,0.059437931142234855,0.05939393939393939,true,false
48,55_64|man|high_school,5,0.18810347202916128,0.06060606060606061,0.05,0.1846543746470523,0.07622407331845231,0.06091553258465384,0.0034490973821089677,-0.015618012712391702,-0.010915532584653838,-0.010606060606060605,true,false
48,55_64|man|high_school,6,0.0961620333207413,0.06060606060606061,0.05,0.0694050035265844,0.05794848990367318,0.02621111056800797,0.02675702979415691,0.002657570702387431,0.023788889431992033,-0.010606060606060605,true,false
48,55_64|man|high_school,7,0.012244905012068681,0.030303030303030304,0.04,0.01998148674339096,0.025623456239149252,0.037161582788321455,-0.007736581731322278,0.004679574063881052,0.0028384172116785455,0.009696969696969697,true,false
48,55_64|man|high_school,9,0.2543813321363901,0.1414141414141414,0.17,0.24516876478077407,0.19095824656473487,0.15712991397167475,0.009212567355616014,-0.04954410515059346,0.012870086028325262,0.028585858585858603,true,true
48,55_64|woman|above_bachelor,1,0.15562205003090618,0.2,0.12,0.13766821242229876,0.19562942565110786,0.1583902580204331,0.017953837608607415,0.004370574348892153,-0.03839025802043311,-0.08000000000000002,true,false
48,55_64|woman|above_bachelor,2,0.07953833539471754,0.16,0.22,0.08474216143592866,0.13769146835727591,0.17785279134158205,-0.0052038260412111265,0.02230853164272409,0.04214720865841795,0.06,true,false
48,55_64|woman|above_bachelor,3,0.2636248642238453,0.29,0.33,0.2203668658408777,0.2531574636461316,0.3217767418675617,0.043257998382967594,0.03684253635386836,0.008223258132438294,0.040000000000000036,true,true
48,55_64|woman|above_bachelor,4,0.025834973292626785,0.05,0.02,0.03801313060309316,0.062767376319475,0.06056206885776514,-0.012178157310466373,-0.012767376319474999,-0.04056206885776514,-0.030000000000000002,true,true
48,55_64|woman|above_bachelor,5,0.25376181828356176,0.07,0.13,0.1846543746470523,0.07622407331845231,0.06091553258465384,0.06910744363650945,-0.006224073318452303,0.06908446741534616,0.06,true,true
48,55_64|woman|above_bachelor,6,0.04780490085611145,0.03,0.01,0.0694050035265844,0.05794848990367318,0.02621111056800797,-0.021600102670472944,-0.027948489903673178,-0.016211110568007968,-0.019999999999999997,true,true
48,55_64|woman|above_bachelor,7,0.0,0.01,0.04,0.01998148674339096,0.025623456239149252,0.037161582788321455,-0.01998148674339096,-0.015623456239149252,0.0028384172116785455,0.03,true,false
48,55_64|woman|above_bachelor,9,0.173813057918231,0.19,0.13,0.24516876478077407,0.19095824656473487,0.15712991397167475,-0.07135570686254306,-0.0009582465647348659,-0.027129913971674746,-0.06,true,true
48,55_64|woman|bachelor,1,0.06155789833461322,0.16326530612244897,0.1414141414141414,0.13766821242229876,0.19562942565110786,0.1583902580204331,-0.07611031408768554,-0.03236411952865889,-0.016976116606291697,-0.021851164708307558,true,true
48,55_64|woman|bachelor,2,0.039305696514181886,0.11224489795918367,0.20202020202020202,0.08474216143592866,0.13769146835727591,0.17785279134158205,-0.04543646492174678,-0.02544657039809224,0.024167410678619966,0.08977530406101834,true,false
48,55_64|woman|bachelor,3,0.28156961256079527,0.30612244897959184,0.2828282828282828,0.2203668658408777,0.2531574636461316,0.3217767418675617,0.06120274671991757,0.052964985333460224,-0.038948459039278904,-0.023294166151309026,true,false
48,55_64|woman|bachelor,4,0.06966716231545052,0.01020408163265306,0.06060606060606061,0.03801313060309316,0.062767376319475,0.06056206885776514,0.03165403171235736,-0.05256329468682194,0.000043991748295467425,0.05040197897340755,true,true
48,55_64|woman|bachelor,5,0.16955208082950382,0.061224489795918366,0.06060606060606061,0.1846543746470523,0.07622407331845231,0.06091553258465384,-0.01510229381754849,-0.014999583522533944,-0.0003094719785932329,-0.0006184291898577582,true,true
48,55_64|woman|bachelor,6,0.050964420165905785,0.05102040816326531,0.010101010101010102,0.0694050035265844,0.05794848990367318,0.02621111056800797,-0.01844058336067861,-0.0069280817404078696,-0.016110100466997866,-0.040919398062255204,true,true
48,55_64|woman|bachelor,7,0.010183390911023295,0.030612244897959183,0.04040404040404041,0.01998148674339096,0.025623456239149252,0.037161582788321455,-0.009798095832367664,0.004988788658809931,0.003242457615718952,0.009791795506081225,true,false
48,55_64|woman|bachelor,9,0.3171997383685262,0.2653061224489796,0.20202020202020202,0.24516876478077407,0.19095824656473487,0.15712991397167475,0.07203097358775215,0.07434787588424474,0.044890288048527266,-0.06328592042877759,true,false
48,55_64|woman|college_trades,1,0.12617779415642605,0.10101010101010101,0.19387755102040816,0.13766821242229876,0.19562942565110786,0.1583902580204331,-0.011490418265872715,-0.09461932464100685,0.03548729299997505,0.09286745001030715,true,false
48,55_64|woman|college_trades,2,0.059054571296891345,0.20202020202020202,0.10204081632653061,0.08474216143592866,0.13769146835727591,0.17785279134158205,-0.02568759013903732,0.0643287336629261,-0.07581197501505144,-0.0999793856936714,true,true
48,55_64|woman|college_trades,3,0.2211947960421054,0.25252525252525254,0.3469387755102041,0.2203668658408777,0.2531574636461316,0.3217767418675617,0.0008279302012277057,-0.0006322111208790782,0.025162033642642356,0.09441352298495154,true,true
48,55_64|woman|college_trades,4,0.018628404143655502,0.08080808080808081,0.07142857142857142,0.03801313060309316,0.062767376319475,0.06056206885776514,-0.019384726459437656,0.018040704488605813,0.010866502570806284,-0.00937950937950939,true,true
48,55_64|woman|college_trades,5,0.10256332536606072,0.12121212121212122,0.030612244897959183,0.1846543746470523,0.07622407331845231,0.06091553258465384,-0.08209104928099159,0.044988047893668906,-0.030303287686694658,-0.09059987631416203,true,true
48,55_64|woman|college_trades,6,0.06008534676089019,0.04040404040404041,0.061224489795918366,0.0694050035265844,0.05794848990367318,0.02621111056800797,-0.009319656765694205,-0.01754444949963277,0.035013379227910396,0.02082044939187796,true,false
48,55_64|woman|college_trades,7,0.006807379597656893,0.010101010101010102,0.04081632653061224,0.01998148674339096,0.025623456239149252,0.037161582788321455,-0.013174107145734066,-0.01552244613813915,0.0036547437422907864,0.030715316429602138,true,false
48,55_64|woman|college_trades,9,0.4054883826363139,0.1919191919191919,0.15306122448979592,0.24516876478077407,0.19095824656473487,0.15712991397167475,0.16031961785553986,0.0009609453544570379,-0.004068689481878829,-0.038857967429395984,true,false
48,55_64|woman|high_school,1,0.08301073312579078,0.1919191919191919,0.14,0.13766821242229876,0.19562942565110786,0.1583902580204331,-0.05465747929650798,-0.0037102337319159517,-0.018390258020433092,-0.05191919191919189,true,true
48,55_64|woman|high_school,2,0.08811611685689222,0.09090909090909091,0.15,0.08474216143592866,0.13769146835727591,0.17785279134158205,0.0033739554209635536,-0.046782377448185,-0.027852791341582056,0.05909090909090908,true,true
48,55_64|woman|high_school,3,0.23668216222611024,0.3434343434343434,0.36,0.2203668658408777,0.2531574636461316,0.3217767418675617,0.016315296385232547,0.0902768797882118,0.038223258132438265,0.01656565656565656,true,true
48,55_64|woman|high_school,4,0.06534564479919154,0.030303030303030304,0.08,0.03801313060309316,0.062767376319475,0.06056206885776514,0.027332514196098383,-0.0324643460164447,0.01943793114223486,0.0496969696969697,true,true
48,55_64|woman|high_school,5,0.12684089469804052,0.06060606060606061,0.06,0.1846543746470523,0.07622407331845231,0.06091553258465384,-0.05781347994901179,-0.015618012712391702,-0.0009155325846538429,-0.00060606060606061,true,true
48,55_64|woman|high_school,6,0.08166857662426238,0.050505050505050504,0.02,0.0694050035265844,0.05794848990367318,0.02621111056800797,0.01226357309767799,-0.007443439398622673,-0.006211110568007969,-0.030505050505050504,true,false
48,55_64|woman|high_school,7,0.02500137085007498,0.030303030303030304,0.05,0.01998148674339096,0.025623456239149252,0.037161582788321455,0.0050198841066840215,0.004679574063881052,0.012838417211678547,0.0196969696969697,true,true
48,55_64|woman|high_school,9,0.2933345008196373,0.20202020202020202,0.14,0.24516876478077407,0.19095824656473487,0.15712991397167475,0.04816573603886323,0.011061955455467148,-0.017129913971674737,-0.062020202020202,true,false
48,55_64|woman|no_diploma,1,0.13491073522708458,0.1919191919191919,0.1836734693877551,0.13766821242229876,0.19562942565110786,0.1583902580204331,-0.0027574771952141863,-0.0037102337319159517,0.025283211367322006,-0.008245722531436794,true,true
48,55_64|woman|no_diploma,2,0.06589144730485444,0.1111111111111111,0.17346938775510204,0.08474216143592866,0.13769146835727591,0.17785279134158205,-0.018850714131074225,-0.02658035724616481,-0.004383403586480011,0.062358276643990934,true,false
48,55_64|woman|no_diploma,3,0.06589144730485444,0.20202020202020202,0.29591836734693877,0.2203668658408777,0.2531574636461316,0.3217767418675617,-0.15447541853602326,-0.0511372616259296,-0.02585837452062295,0.09389816532673675,true,false
48,55_64|woman|no_diploma,4,0.06901928792223012,0.12121212121212122,0.08163265306122448,0.03801313060309316,0.062767376319475,0.06056206885776514,0.031006157319136966,0.058444744892646214,0.021070584203459343,-0.03957946815089673,true,false
48,55_64|woman|no_diploma,5,0.26575150160789124,0.04040404040404041,0.04081632653061224,0.1846543746470523,0.07622407331845231,0.06091553258465384,0.08109712696083893,-0.0358200329144119,-0.0200992060540416,0.00041228612657183417,true,true
48,55_64|woman|no_diploma,6,0.19011532764455202,0.09090909090909091,0.01020408163265306,0.0694050035265844,0.05794848990367318,0.02621111056800797,0.12071032411796763,0.032960601005417735,-0.01600702893535491,-0.08070500927643785,true,false
48,55_64|woman|no_diploma,7,0.0,0.030303030303030304,0.01020408163265306,0.01998148674339096,0.025623456239149252,0.037161582788321455,-0.01998148674339096,0.004679574063881052,-0.026957501155668397,-0.020098948670377245,true,true
48,55_64|woman|no_diploma,9,0.20842025298853314,0.21212121212121213,0.20408163265306123,0.24516876478077407,0.19095824656473487,0.15712991397167475,-0.03674851179224092,0.02116296555647726,0.04695171868138648,-0.008039579468150898,true,true
48,65_74|man|above_bachelor,1,0.13480131132796846,0.18,0.19387755102040816,0.13766821242229876,0.19562942565110786,0.1583902580204331,-0.0028669010943302986,-0.015629425651107864,0.03548729299997505,0.013877551020408163,true,false
48,65_74|man|above_bachelor,2,0.03841252620438625,0.16,0.12244897959183673,0.08474216143592866,0.13769146835727591,0.17785279134158205,-0.04632963523154241,0.02230853164272409,-0.05540381174974532,-0.03755102040816327,true,true
48,65_74|man|above_bachelor,3,0.22172126114308183,0.21,0.3877551020408163,0.2203668658408777,0.2531574636461316,0.3217767418675617,0.001354395302204131,-0.04315746364613163,0.06597836017325459,0.17775510204081632,true,true
48,65_74|man|above_bachelor,4,0.036958078396831295,0.07,0.061224489795918366,0.03801313060309316,0.062767376319475,0.06056206885776514,-0.0010550522062618625,0.007232623680525005,0.0006624209381532256,-0.00877551020408164,true,true
48,65_74|man|above_bachelor,5,0.26469600578116115,0.06,0.09183673469387756,0.1846543746470523,0.07622407331845231,0.06091553258465384,0.08004163113410884,-0.01622407331845231,0.030921202109223715,0.03183673469387756,true,true
48,65_74|man|above_bachelor,6,0.10668704909982894,0.06,0.01020408163265306,0.0694050035265844,0.05794848990367318,0.02621111056800797,0.03728204557324455,0.002051510096326821,-0.01600702893535491,-0.04979591836734694,true,false
48,65_74|man|above_bachelor,7,0.036958078396831295,0.03,0.04081632653061224,0.01998148674339096,0.025623456239149252,0.037161582788321455,0.016976591653440336,0.004376543760850747,0.0036547437422907864,0.010816326530612243,true,true
48,65_74|man|above_bachelor,9,0.15976568964991075,0.23,0.09183673469387756,0.24516876478077407,0.19095824656473487,0.15712991397167475,-0.08540307513086332,0.03904175343526514,-0.0652931792777972,-0.13816326530612244,true,true
48,65_74|man|bachelor,1,0.11841018080393799,0.2727272727272727,0.20408163265306123,0.13766821242229876,0.19562942565110786,0.1583902580204331,-0.019258031618360774,0.07709784707616485,0.04569137463262812,-0.06864564007421148,true,true
48,65_74|man|bachelor,2,0.09937118325558138,0.1919191919191919,0.11224489795918367,0.08474216143592866,0.13769146835727591,0.17785279134158205,0.014629021819652713,0.05422772356191599,-0.06560789338239838,-0.07967429396000823,true,false
48,65_74|man|bachelor,3,0.1763267142521971,0.15151515151515152,0.3673469387755102,0.2203668658408777,0.2531574636461316,0.3217767418675617,-0.044040151588680604,-0.1016423121309801,0.0455701969079485,0.2158317872603587,true,false
48,65_74|man|bachelor,4,0.03688430462339199,0.050505050505050504,0.1326530612244898,0.03801313060309316,0.062767376319475,0.06056206885776514,-0.0011288259797011674,-0.012262325814424498,0.07209099236672467,0.08214801071943931,true,false
48,65_74|man|bachelor,5,0.20418934217831325,0.050505050505050504,0.01020408163265306,0.1846543746470523,0.07622407331845231,0.06091553258465384,0.01953496753126094,-0.025719022813401805,-0.05071145095200078,-0.040300968872397445,true,false
48,65_74|man|bachelor,6,0.036040131276398005,0.04040404040404041,0.02040816326530612,0.0694050035265844,0.05794848990367318,0.02621111056800797,-0.03336487225018639,-0.01754444949963277,-0.005802947302701849,-0.019995877138734287,true,true
48,65_74|man|bachelor,7,0.046277260153710614,0.050505050505050504,0.04081632653061224,0.01998148674339096,0.025623456239149252,0.037161582788321455,0.026295773410319655,0.024881594265901252,0.0036547437422907864,-0.009688723974438262,true,false
48,65_74|man|bachelor,9,0.2825008834564697,0.1919191919191919,0.11224489795918367,0.24516876478077407,0.19095824656473487,0.15712991397167475,0.03733211867569561,0.0009609453544570379,-0.04488501601249108,-0.07967429396000823,true,false
48,65_74|man|college_trades,1,0.10616843123650517,0.19387755102040816,0.28865979381443296,0.13766821242229876,0.19562942565110786,0.1583902580204331,-0.03149978118579359,-0.0017518746306997013,0.13026953579399986,0.0947822427940248,true,false
48,65_74|man|college_trades,2,0.08322430210952438,0.1326530612244898,0.1958762886597938,0.08474216143592866,0.13769146835727591,0.17785279134158205,-0.0015178593264042889,-0.00503840713278611,0.018023497318211762,0.06322322743530401,true,false
48,65_74|man|college_trades,3,0.0983046005554607,0.2755102040816326,0.17525773195876287,0.2203668658408777,0.2531574636461316,0.3217767418675617,-0.122062265285417,0.022352740435501006,-0.14651900990879885,-0.10025247212286975,true,true
48,65_74|man|college_trades,4,0.03064420803623188,0.061224489795918366,0.05154639175257732,0.03801313060309316,0.062767376319475,0.06056206885776514,-0.007368922566861277,-0.0015428865235566358,-0.009015677105187823,-0.009678098043341049,true,true
48,65_74|man|college_trades,5,0.23847964542550282,0.07142857142857142,0.030927835051546393,0.1846543746470523,0.07622407331845231,0.06091553258465384,0.05382527077845051,-0.004795501889880885,-0.029987697533107448,-0.04050073637702503,true,false
48,65_74|man|college_trades,6,0.16150081575872732,0.05102040816326531,0.041237113402061855,0.0694050035265844,0.05794848990367318,0.02621111056800797,0.09209581223214293,-0.0069280817404078696,0.015026002834053885,-0.009783294761203452,true,false
48,65_74|man|college_trades,7,0.013724208895977957,0.04081632653061224,0.061855670103092786,0.01998148674339096,0.025623456239149252,0.037161582788321455,-0.006257277847413003,0.01519287029146299,0.02469408731477133,0.021039343572480544,true,false
48,65_74|man|college_trades,9,0.26795378798206976,0.17346938775510204,0.15463917525773196,0.24516876478077407,0.19095824656473487,0.15712991397167475,0.02278502320129569,-0.01748885880963283,-0.002490738713942786,-0.018830212497370075,true,false
48,65_74|man|high_school,1,0.12004785089654582,0.19,0.13,0.13766821242229876,0.19562942565110786,0.1583902580204331,-0.017620361525752942,-0.0056294256511078555,-0.0283902580204331,-0.06,true,true
48,65_74|man|high_school,2,0.09362146659111684,0.18,0.27,0.08474216143592866,0.13769146835727591,0.17785279134158205,0.008879305155188172,0.04230853164272408,0.09214720865841797,0.09000000000000002,true,true
48,65_74|man|high_school,3,0.20111490210828256,0.2,0.25,0.2203668658408777,0.2531574636461316,0.3217767418675617,-0.019251963732595134,-0.05315746364613161,-0.07177674186756172,0.04999999999999999,true,false
48,65_74|man|high_school,4,0.056127632391543045,0.05,0.05,0.03801313060309316,0.062767376319475,0.06056206885776514,0.018114501788449887,-0.012767376319474999,-0.010562068857765138,0.0,true,false
48,65_74|man|high_school,5,0.19550802657841326,0.05,0.05,0.1846543746470523,0.07622407331845231,0.06091553258465384,0.010853651931360953,-0.026224073318452307,-0.010915532584653838,0.0,true,false
48,65_74|man|high_school,6,0.07759415804513321,0.09,0.01,0.0694050035265844,0.05794848990367318,0.02621111056800797,0.008189154518548819,0.03205151009632682,-0.016211110568007968,-0.08,true,false
48,65_74|man|high_school,7,0.06316124364498935,0.04,0.06,0.01998148674339096,0.025623456239149252,0.037161582788321455,0.043179756901598386,0.014376543760850749,0.022838417211678542,0.019999999999999997,true,true
48,65_74|man|high_school,9,0.19282471974397591,0.2,0.18,0.24516876478077407,0.19095824656473487,0.15712991397167475,-0.052344045036798154,0.009041753435265143,0.022870086028325243,-0.020000000000000018,true,true
48,65_74|man|no_diploma,1,0.10482783490065153,0.19387755102040816,0.24242424242424243,0.13766821242229876,0.19562942565110786,0.1583902580204331,-0.03284037752164723,-0.0017518746306997013,0.08403398440380933,0.048546691403834275,true,false
48,65_74|man|no_diploma,2,0.06219236736096234,0.1836734693877551,0.26262626262626265,0.08474216143592866,0.13769146835727591,0.17785279134158205,-0.022549794074966323,0.0459820010304792,0.0847734712846806,0.07895279323850754,true,false
48,65_74|man|no_diploma,3,0.2792653863123243,0.25510204081632654,0.21212121212121213,0.2203668658408777,0.2531574636461316,0.3217767418675617,0.058898520471446586,0.0019445771701949166,-0.1096555297463496,-0.04298082869511441,true,false
48,65_74|man|no_diploma,4,0.06219236736096234,0.061224489795918366,0.06060606060606061,0.03801313060309316,0.062767376319475,0.06056206885776514,0.024179236757869184,-0.0015428865235566358,0.000043991748295467425,-0.0006184291898577582,true,false
48,65_74|man|no_diploma,5,0.12521688592174404,0.09183673469387756,0.010101010101010102,0.1846543746470523,0.07622407331845231,0.06091553258465384,-0.05943748872530827,0.015612661375425246,-0.05081452248364374,-0.08173572459286746,true,true
48,65_74|man|no_diploma,6,0.1256123638093111,0.061224489795918366,0.010101010101010102,0.0694050035265844,0.05794848990367318,0.02621111056800797,0.0562073602827267,0.003275999892245189,-0.016110100466997866,-0.05112347969490826,true,false
48,65_74|man|no_diploma,7,0.0,0.01020408163265306,0.030303030303030304,0.01998148674339096,0.025623456239149252,0.037161582788321455,-0.01998148674339096,-0.015419374606496191,-0.006858552485291151,0.020098948670377245,true,false
48,65_74|man|no_diploma,9,0.2406927943340444,0.14285714285714285,0.1717171717171717,0.24516876478077407,0.19095824656473487,0.15712991397167475,-0.004475970446729677,-0.04810110370759202,0.014587257745496962,0.028860028860028863,true,false
48,65_74|woman|above_bachelor,1,0.24555501177256753,0.23232323232323232,0.08,0.13766821242229876,0.19562942565110786,0.1583902580204331,0.10788679935026876,0.03669380667212446,-0.0783902580204331,-0.1523232323232323,true,false
48,65_74|woman|above_bachelor,2,0.0,0.1111111111111111,0.11,0.08474216143592866,0.13769146835727591,0.17785279134158205,-0.08474216143592866,-0.02658035724616481,-0.06785279134158205,-0.0011111111111111044,true,true
48,65_74|woman|above_bachelor,3,0.20823129535816454,0.21212121212121213,0.51,0.2203668658408777,0.2531574636461316,0.3217767418675617,-0.01213557048271316,-0.04103625152491949,0.1882232581324383,0.29787878787878785,true,false
48,65_74|woman|above_bachelor,4,0.06392803924025393,0.0707070707070707,0.04,0.03801313060309316,0.062767376319475,0.06056206885776514,0.025914908637160776,0.007939694387595703,-0.02056206885776514,-0.030707070707070704,true,false
48,65_74|woman|above_bachelor,5,0.21326511366715067,0.08080808080808081,0.01,0.1846543746470523,0.07622407331845231,0.06091553258465384,0.028610739020098364,0.0045840074896285055,-0.05091553258465384,-0.07080808080808082,true,false
48,65_74|woman|above_bachelor,6,0.028630591848555178,0.0707070707070707,0.02,0.0694050035265844,0.05794848990367318,0.02621111056800797,-0.04077441167802921,0.012758580803397528,-0.006211110568007969,-0.0507070707070707,true,true
48,65_74|woman|above_bachelor,7,0.030515463712909658,0.030303030303030304,0.05,0.01998148674339096,0.025623456239149252,0.037161582788321455,0.010533976969518698,0.004679574063881052,0.012838417211678547,0.0196969696969697,true,true
48,65_74|woman|above_bachelor,9,0.2098744844003985,0.1919191919191919,0.18,0.24516876478077407,0.19095824656473487,0.15712991397167475,-0.035294280380375576,0.0009609453544570379,0.022870086028325243,-0.011919191919191913,true,true
48,65_74|woman|bachelor,1,0.14488891338622334,0.25,0.1717171717171717,0.13766821242229876,0.19562942565110786,0.1583902580204331,0.007220700963924576,0.05437057434889214,0.013326913696738607,-0.07828282828282829,true,false
48,65_74|woman|bachelor,2,0.0,0.09,0.18181818181818182,0.08474216143592866,0.13769146835727591,0.17785279134158205,-0.08474216143592866,-0.04769146835727592,0.003965390476599773,0.09181818181818183,true,false
48,65_74|woman|bachelor,3,0.284019852122979,0.21,0.26262626262626265,0.2203668658408777,0.2531574636461316,0.3217767418675617,0.06365298628210128,-0.04315746364613163,-0.05915047924129907,0.05262626262626266,true,true
48,65_74|woman|bachelor,4,0.01646062366245608,0.04,0.06060606060606061,0.03801313060309316,0.062767376319475,0.06056206885776514,-0.021552506940637078,-0.022767376319475,0.000043991748295467425,0.020606060606060607,true,false
48,65_74|woman|bachelor,5,0.2400995197564739,0.05,0.06060606060606061,0.1846543746470523,0.07622407331845231,0.06091553258465384,0.055445145109421584,-0.026224073318452307,-0.0003094719785932329,0.010606060606060605,true,true
48,65_74|woman|bachelor,6,0.012945668541471023,0.03,0.030303030303030304,0.0694050035265844,0.05794848990367318,0.02621111056800797,-0.05645933498511337,-0.027948489903673178,0.004091919735022334,0.000303030303030305,true,false
48,65_74|woman|bachelor,7,0.0462101164173289,0.02,0.0707070707070707,0.01998148674339096,0.025623456239149252,0.037161582788321455,0.026228629673937943,-0.005623456239149251,0.03354548791874925,0.0507070707070707,true,true
48,65_74|woman|bachelor,9,0.2553753061130678,0.31,0.16161616161616163,0.24516876478077407,0.19095824656473487,0.15712991397167475,0.010206541332293734,0.11904175343526513,0.004486247644486879,-0.14838383838383837,true,false
48,65_74|woman|college_trades,1,0.07369087812518631,0.15306122448979592,0.24489795918367346,0.13766821242229876,0.19562942565110786,0.1583902580204331,-0.06397733429711246,-0.042568201161311936,0.08650770116324036,0.09183673469387754,true,false
48,65_74|woman|college_trades,2,0.05776904230360664,0.22448979591836735,0.16326530612244897,0.08474216143592866,0.13769146835727591,0.17785279134158205,-0.026973119132322025,0.08679832756109143,-0.014587485219133084,-0.06122448979591838,true,true
48,65_74|woman|college_trades,3,0.2393374968361589,0.2755102040816326,0.21428571428571427,0.2203668658408777,0.2531574636461316,0.3217767418675617,0.018970630995281207,0.022352740435501006,-0.10749102758184745,-0.06122448979591835,true,false
48,65_74|woman|college_trades,4,0.0468926605236285,0.030612244897959183,0.07142857142857142,0.03801313060309316,0.062767376319475,0.06056206885776514,0.00887952992053534,-0.03215513142151582,0.010866502570806284,0.04081632653061224,true,true
48,65_74|woman|college_trades,5,0.15624450223786895,0.05102040816326531,0.04081632653061224,0.1846543746470523,0.07622407331845231,0.06091553258465384,-0.028409872409183357,-0.025203665155187002,-0.0200992060540416,-0.010204081632653066,true,true
48,65_74|woman|college_trades,6,0.06406236578530115,0.061224489795918366,0.0,0.0694050035265844,0.05794848990367318,0.02621111056800797,-0.00534263774128324,0.003275999892245189,-0.02621111056800797,-0.061224489795918366,true,true
48,65_74|woman|college_trades,7,0.029171631725918537,0.01020408163265306,0.02040816326530612,0.01998148674339096,0.025623456239149252,0.037161582788321455,0.009190144982527577,-0.015419374606496191,-0.016753419523015334,0.01020408163265306,true,true
48,65_74|woman|college_trades,9,0.332831422462331,0.19387755102040816,0.24489795918367346,0.24516876478077407,0.19095824656473487,0.15712991397167475,0.08766265768155693,0.0029193044556732883,0.08776804521199871,0.05102040816326531,true,true
48,65_74|woman|high_school,1,0.10738025049191419,0.21212121212121213,0.18181818181818182,0.13766821242229876,0.19562942565110786,0.1583902580204331,-0.030287961930384577,0.01649178647010427,0.023427923797748718,-0.030303030303030304,true,true
48,65_74|woman|high_school,2,0.10094427787922948,0.1414141414141414,0.20202020202020202,0.08474216143592866,0.13769146835727591,0.17785279134158205,0.016202116443300815,0.003722673056865494,0.024167410678619966,0.06060606060606061,true,true
48,65_74|woman|high_school,3,0.15520934750642762,0.3333333333333333,0.29292929292929293,0.2203668658408777,0.2531574636461316,0.3217767418675617,-0.06515751833445008,0.0801758696872017,-0.028847448938268794,-0.04040404040404039,true,true
48,65_74|woman|high_school,4,0.03628212516238592,0.030303030303030304,0.050505050505050504,0.03801313060309316,0.062767376319475,0.06056206885776514,-0.0017310054407072353,-0.0324643460164447,-0.010057018352714636,0.0202020202020202,true,false
48,65_74|woman|high_school,5,0.23846802943965562,0.030303030303030304,0.030303030303030304,0.1846543746470523,0.07622407331845231,0.06091553258465384,0.053813654792603305,-0.045921043015422006,-0.030612502281623537,0.0,true,false
48,65_74|woman|high_school,6,0.008306097259172003,0.030303030303030304,0.030303030303030304,0.0694050035265844,0.05794848990367318,0.02621111056800797,-0.06109890626741239,-0.027645459600642873,0.004091919735022334,0.0,true,false
48,65_74|woman|high_school,7,0.026504477079954906,0.04040404040404041,0.0,0.01998148674339096,0.025623456239149252,0.037161582788321455,0.006522990336563946,0.014780584164891156,-0.037161582788321455,-0.04040404040404041,true,false
48,65_74|woman|high_school,9,0.32690539518126027,0.18181818181818182,0.21212121212121213,0.24516876478077407,0.19095824656473487,0.15712991397167475,0.0817366304004862,-0.009140064746553045,0.054991298149537376,0.030303030303030304,true,true
48,65_74|woman|no_diploma,1,0.04815384154491446,0.13131313131313133,0.1,0.13766821242229876,0.19562942565110786,0.1583902580204331,-0.08951437087738431,-0.06431629433797653,-0.0583902580204331,-0.03131313131313132,true,true
48,65_74|woman|no_diploma,2,0.06366131886878021,0.12121212121212122,0.11,0.08474216143592866,0.13769146835727591,0.17785279134158205,-0.021080842567148456,-0.0164793471451547,-0.06785279134158205,-0.011212121212121215,true,true
48,65_74|woman|no_diploma,3,0.16484095893308298,0.2828282828282828,0.41,0.2203668658408777,0.2531574636461316,0.3217767418675617,-0.055525906907794714,0.029670819182151198,0.08822325813243825,0.12717171717171716,true,false
48,65_74|woman|no_diploma,4,0.0,0.10101010101010101,0.04,0.03801313060309316,0.062767376319475,0.06056206885776514,-0.03801313060309316,0.03824272469062601,-0.02056206885776514,-0.06101010101010101,true,true
48,65_74|woman|no_diploma,5,0.174368351706858,0.08080808080808081,0.15,0.1846543746470523,0.07622407331845231,0.06091553258465384,-0.010286022940194317,0.0045840074896285055,0.08908446741534615,0.06919191919191918,true,false
48,65_74|woman|no_diploma,6,0.0,0.050505050505050504,0.02,0.0694050035265844,0.05794848990367318,0.02621111056800797,-0.0694050035265844,-0.007443439398622673,-0.006211110568007969,-0.030505050505050504,true,true
48,65_74|woman|no_diploma,7,0.056636857576252926,0.010101010101010102,0.05,0.01998148674339096,0.025623456239149252,0.037161582788321455,0.036655370832861967,-0.01552244613813915,0.012838417211678547,0.0398989898989899,true,true
48,65_74|woman|no_diploma,9,0.49233867137011145,0.2222222222222222,0.12,0.24516876478077407,0.19095824656473487,0.15712991397167475,0.24716990658933738,0.03126397565748734,-0.037129913971674755,-0.10222222222222221,true,false
48,75_plus|man|above_bachelor,1,0.2506478331699719,0.23232323232323232,0.22,0.13766821242229876,0.19562942565110786,0.1583902580204331,0.11297962074767315,0.03669380667212446,0.061609741979566895,-0.01232323232323232,true,false
48,75_plus|man|above_bachelor,2,0.022519548344392418,0.18181818181818182,0.22,0.08474216143592866,0.13769146835727591,0.17785279134158205,-0.06222261309153625,0.04412671346090591,0.04214720865841795,0.03818181818181818,true,false
48,75_plus|man|above_bachelor,3,0.15203420775381757,0.24242424242424243,0.24,0.2203668658408777,0.2531574636461316,0.3217767418675617,-0.06833265808706013,-0.010733221221889189,-0.08177674186756173,-0.00242424242424244,true,true
48,75_plus|man|above_bachelor,4,0.02358853901429966,0.010101010101010102,0.04,0.03801313060309316,0.062767376319475,0.06056206885776514,-0.014424591588793497,-0.0526663662184649,-0.02056206885776514,0.029898989898989897,true,false
48,75_plus|man|above_bachelor,5,0.1922871771861071,0.09090909090909091,0.05,0.1846543746470523,0.07622407331845231,0.06091553258465384,0.007632802539054795,0.014685017590638602,-0.010915532584653838,-0.04090909090909091,true,false
48,75_plus|man|above_bachelor,6,0.02651413588999461,0.030303030303030304,0.03,0.0694050035265844,0.05794848990367318,0.02621111056800797,-0.04289086763658978,-0.027645459600642873,0.003788889431992029,-0.000303030303030305,true,true
48,75_plus|man|above_bachelor,7,0.0,0.010101010101010102,0.05,0.01998148674339096,0.025623456239149252,0.037161582788321455,-0.01998148674339096,-0.01552244613813915,0.012838417211678547,0.0398989898989899,true,false
48,75_plus|man|above_bachelor,9,0.3324085586414167,0.20202020202020202,0.15,0.24516876478077407,0.19095824656473487,0.15712991397167475,0.08723979386064265,0.011061955455467148,-0.007129913971674756,-0.05202020202020202,true,false
48,75_plus|man|bachelor,1,0.03924580851985583,0.14,0.14,0.13766821242229876,0.19562942565110786,0.1583902580204331,-0.09842240390244293,-0.055629425651107844,-0.018390258020433092,0.0,true,false
48,75_plus|man|bachelor,2,0.0,0.22,0.2,0.08474216143592866,0.13769146835727591,0.17785279134158205,-0.08474216143592866,0.08230853164272409,0.02214720865841796,-0.01999999999999999,true,true
48,75_plus|man|bachelor,3,0.23532851424338302,0.21,0.25,0.2203668658408777,0.2531574636461316,0.3217767418675617,0.014961648402505329,-0.04315746364613163,-0.07177674186756172,0.04000000000000001,true,true
48,75_plus|man|bachelor,4,0.0,0.08,0.07,0.03801313060309316,0.062767376319475,0.06056206885776514,-0.03801313060309316,0.017232623680525,0.009437931142234866,-0.009999999999999995,true,true
48,75_plus|man|bachelor,5,0.31430625270280343,0.04,0.02,0.1846543746470523,0.07622407331845231,0.06091553258465384,0.12965187805575112,-0.03622407331845231,-0.040915532584653844,-0.02,true,false
48,75_plus|man|bachelor,6,0.04308420923814246,0.07,0.0,0.0694050035265844,0.05794848990367318,0.02621111056800797,-0.02632079428844193,0.01205151009632683,-0.02621111056800797,-0.07,true,true
48,75_plus|man|bachelor,7,0.12113899582811614,0.02,0.03,0.01998148674339096,0.025623456239149252,0.037161582788321455,0.10115750908472518,-0.005623456239149251,-0.007161582788321456,0.009999999999999998,true,true
48,75_plus|man|bachelor,9,0.2468962194676991,0.22,0.29,0.24516876478077407,0.19095824656473487,0.15712991397167475,0.001727454686925034,0.029041753435265133,0.13287008602832523,0.06999999999999998,true,true
48,75_plus|man|college_trades,1,0.22334984598955826,0.1836734693877551,0.15,0.13766821242229876,0.19562942565110786,0.1583902580204331,0.0856816335672595,-0.011955956263352746,-0.008390258020433111,-0.03367346938775512,true,false
48,75_plus|man|college_trades,2,0.16355840636497843,0.15306122448979592,0.28,0.08474216143592866,0.13769146835727591,0.17785279134158205,0.07881624492904976,0.015369756132520007,0.10214720865841798,0.1269387755102041,true,true
48,75_plus|man|college_trades,3,0.03993010125525187,0.23469387755102042,0.33,0.2203668658408777,0.2531574636461316,0.3217767418675617,-0.18043676458562583,-0.0184635860951112,0.008223258132438294,0.0953061224489796,true,false
48,75_plus|man|college_trades,4,0.041825564461882174,0.05102040816326531,0.06,0.03801313060309316,0.062767376319475,0.06056206885776514,0.003812433858789016,-0.011746968156209694,-0.0005620688577651425,0.00897959183673469,true,true
48,75_plus|man|college_trades,5,0.13066415677573204,0.04081632653061224,0.02,0.1846543746470523,0.07622407331845231,0.06091553258465384,-0.05399021787132027,-0.03540774678784007,-0.040915532584653844,-0.02081632653061224,true,true
48,75_plus|man|college_trades,6,0.03746370493167078,0.061224489795918366,0.0,0.0694050035265844,0.05794848990367318,0.02621111056800797,-0.03194129859491361,0.003275999892245189,-0.02621111056800797,-0.061224489795918366,true,true
48,75_plus|man|college_trades,7,0.0,0.04081632653061224,0.01,0.01998148674339096,0.025623456239149252,0.037161582788321455,-0.01998148674339096,0.01519287029146299,-0.027161582788321453,-0.03081632653061224,true,true
48,75_plus|man|college_trades,9,0.36320822022092647,0.23469387755102042,0.15,0.24516876478077407,0.19095824656473487,0.15712991397167475,0.1180394554401524,0.04373563098628555,-0.007129913971674756,-0.08469387755102042,true,false
48,75_plus|man|high_school,1,0.09702424755958243,0.19,0.17,0.13766821242229876,0.19562942565110786,0.1583902580204331,-0.040643964862716334,-0.0056294256511078555,0.011609741979566907,-0.01999999999999999,true,true
48,75_plus|man|high_school,2,0.11707562867719376,0.16,0.22,0.08474216143592866,0.13769146835727591,0.17785279134158205,0.032333467241265096,0.02230853164272409,0.04214720865841795,0.06,true,true
48,75_plus|man|high_school,3,0.17836550958975328,0.24,0.22,0.2203668658408777,0.2531574636461316,0.3217767418675617,-0.042001356251124417,-0.013157463646131629,-0.10177674186756172,-0.01999999999999999,true,true
48,75_plus|man|high_school,4,0.16891020808396456,0.05,0.05,0.03801313060309316,0.062767376319475,0.06056206885776514,0.1308970774808714,-0.012767376319474999,-0.010562068857765138,0.0,true,false
48,75_plus|man|high_school,5,0.1071236286384424,0.04,0.09,0.1846543746470523,0.07622407331845231,0.06091553258465384,-0.07753074600860992,-0.03622407331845231,0.029084467415346156,0.049999999999999996,true,false
48,75_plus|man|high_school,6,0.06419377225745145,0.03,0.01,0.0694050035265844,0.05794848990367318,0.02621111056800797,-0.005211231269132949,-0.027948489903673178,-0.016211110568007968,-0.019999999999999997,true,true
48,75_plus|man|high_school,7,0.09453660957169233,0.03,0.05,0.01998148674339096,0.025623456239149252,0.037161582788321455,0.07455512282830137,0.004376543760850747,0.012838417211678547,0.020000000000000004,true,true
48,75_plus|man|high_school,9,0.17277039562191981,0.26,0.19,0.24516876478077407,0.19095824656473487,0.15712991397167475,-0.07239836915885425,0.06904175343526514,0.03287008602832525,-0.07,true,true
48,75_plus|woman|high_school,1,0.03365146232809534,0.12121212121212122,0.2222222222222222,0.13766821242229876,0.19562942565110786,0.1583902580204331,-0.10401675009420341,-0.07441730443898664,0.0638319642017891,0.101010101010101,true,false
48,75_plus|woman|high_school,2,0.27652718758425393,0.1414141414141414,0.18181818181818182,0.08474216143592866,0.13769146835727591,0.17785279134158205,0.19178502614832527,0.003722673056865494,0.003965390476599773,0.040404040404040414,true,true
48,75_plus|woman|high_school,3,0.21911049638813898,0.18181818181818182,0.23232323232323232,0.2203668658408777,0.2531574636461316,0.3217767418675617,-0.0012563694527387148,-0.0713392818279498,-0.0894535095443294,0.0505050505050505,true,false
48,75_plus|woman|high_school,4,0.0,0.06060606060606061,0.06060606060606061,0.03801313060309316,0.062767376319475,0.06056206885776514,-0.03801313060309316,-0.002161315713414394,0.000043991748295467425,0.0,true,false
48,75_plus|woman|high_school,5,0.051140674022170866,0.0707070707070707,0.050505050505050504,0.1846543746470523,0.07622407331845231,0.06091553258465384,-0.13351370062488144,-0.005517002611381605,-0.010410482079603336,-0.0202020202020202,true,true
48,75_plus|woman|high_school,6,0.0,0.04040404040404041,0.0,0.0694050035265844,0.05794848990367318,0.02621111056800797,-0.0694050035265844,-0.01754444949963277,-0.02621111056800797,-0.04040404040404041,true,true
48,75_plus|woman|high_school,7,0.0,0.020202020202020204,0.030303030303030304,0.01998148674339096,0.025623456239149252,0.037161582788321455,-0.01998148674339096,-0.005421436037129048,-0.006858552485291151,0.0101010101010101,true,false
48,75_plus|woman|high_school,9,0.4195701796773409,0.36363636363636365,0.2222222222222222,0.24516876478077407,0.19095824656473487,0.15712991397167475,0.17440141489656683,0.17267811707162878,0.06509230825054746,-0.14141414141414144,true,false
53,18_24|woman|bachelor,1,0.17206702424617823,0.31,0.11,0.21306189397717673,0.43848719755696497,0.25668311017148226,-0.0409948697309985,-0.12848719755696497,-0.14668311017148228,-0.2,true,true
53,18_24|woman|bachelor,2,0.7742355681304435,0.62,0.67,0.64494350797301,0.4761475217289171,0.6260300681230914,0.12929206015743344,0.14385247827108288,0.043969931876908674,0.050000000000000044,true,true
53,18_24|woman|bachelor,3,0.053697407623378275,0.07,0.22,0.14199459804981324,0.08536528071411792,0.11728682170542636,-0.08829719042643497,-0.015365280714117913,0.10271317829457365,0.15,true,false
53,25_34|man|above_bachelor,1,0.1522770913458666,0.36,0.32,0.21306189397717673,0.43848719755696497,0.25668311017148226,-0.06078480263131014,-0.07848719755696498,0.06331688982851774,-0.03999999999999998,true,true
53,25_34|man|above_bachelor,2,0.8477229086541335,0.53,0.61,0.64494350797301,0.4761475217289171,0.6260300681230914,0.20277940068112343,0.053852478271082915,-0.01603006812309138,0.07999999999999996,true,true
53,25_34|man|above_bachelor,3,0.0,0.11,0.07,0.14199459804981324,0.08536528071411792,0.11728682170542636,-0.14199459804981324,0.02463471928588208,-0.04728682170542635,-0.039999999999999994,true,true
53,25_34|man|bachelor,1,0.328289917283861,0.48,0.17,0.21306189397717673,0.43848719755696497,0.25668311017148226,0.11522802330668425,0.04151280244303501,-0.08668311017148225,-0.30999999999999994,true,false
53,25_34|man|bachelor,2,0.5824233119714031,0.45,0.64,0.64494350797301,0.4761475217289171,0.6260300681230914,-0.06252019600160696,-0.0261475217289171,0.013969931876908648,0.19,true,false
53,25_34|man|bachelor,3,0.08928677074473604,0.07,0.19,0.14199459804981324,0.08536528071411792,0.11728682170542636,-0.0527078273050772,-0.015365280714117913,0.07271317829457365,0.12,true,false
53,25_34|woman|above_bachelor,1,0.07898159334413146,0.35,0.19,0.21306189397717673,0.43848719755696497,0.25668311017148226,-0.13408030063304527,-0.08848719755696499,-0.06668311017148226,-0.15999999999999998,true,true
53,25_34|woman|above_bachelor,2,0.5626738259734035,0.61,0.66,0.64494350797301,0.4761475217289171,0.6260300681230914,-0.08226968199960649,0.13385247827108288,0.033969931876908666,0.050000000000000044,true,false
53,25_34|woman|above_bachelor,3,0.35834458068246505,0.04,0.15,0.14199459804981324,0.08536528071411792,0.11728682170542636,0.21634998263265182,-0.04536528071411792,0.03271317829457364,0.10999999999999999,true,true
53,25_34|woman|bachelor,1,0.17765356347690003,0.32,0.19,0.21306189397717673,0.43848719755696497,0.25668311017148226,-0.0354083305002767,-0.11848719755696496,-0.06668311017148226,-0.13,true,true
53,25_34|woman|bachelor,2,0.6644369546805384,0.57,0.59,0.64494350797301,0.4761475217289171,0.6260300681230914,0.019493446707528395,0.09385247827108284,-0.0360300681230914,0.020000000000000018,true,true
53,25_34|woman|bachelor,3,0.15790948184256154,0.11,0.22,0.14199459804981324,0.08536528071411792,0.11728682170542636,0.015914883792748302,0.02463471928588208,0.10271317829457365,0.11,true,true
53,25_34|woman|college_trades,1,0.09896160397807699,0.48,0.33,0.21306189397717673,0.43848719755696497,0.25668311017148226,-0.11410028999909974,0.04151280244303501,0.07331688982851775,-0.14999999999999997,true,true
53,25_34|woman|college_trades,2,0.6530256177966633,0.46,0.64,0.64494350797301,0.4761475217289171,0.6260300681230914,0.008082109823653316,-0.01614752172891709,0.013969931876908648,0.18,true,true
53,25_34|woman|college_trades,3,0.24801277822525966,0.06,0.03,0.14199459804981324,0.08536528071411792,0.11728682170542636,0.10601818017544642,-0.02536528071411792,-0.08728682170542636,-0.03,true,false
53,25_34|woman|high_school,1,0.11782944861030976,0.35,0.35,0.21306189397717673,0.43848719755696497,0.25668311017148226,-0.09523244536686697,-0.08848719755696499,0.09331688982851771,0.0,true,false
53,25_34|woman|high_school,2,0.615342194449957,0.55,0.44,0.64494350797301,0.4761475217289171,0.6260300681230914,-0.029601313523053063,0.07385247827108293,-0.18603006812309136,-0.11000000000000004,true,true
53,25_34|woman|high_school,3,0.2668283569397333,0.1,0.21,0.14199459804981324,0.08536528071411792,0.11728682170542636,0.12483375888992004,0.014634719285882086,0.09271317829457364,0.10999999999999999,true,true
53,35_44|man|above_bachelor,1,0.1951598880419365,0.41,0.16,0.21306189397717673,0.43848719755696497,0.25668311017148226,-0.017902005935240217,-0.028487197556964994,-0.09668311017148226,-0.24999999999999997,true,true
53,35_44|man|above_bachelor,2,0.5239641624747486,0.52,0.8,0.64494350797301,0.4761475217289171,0.6260300681230914,-0.12097934549826139,0.043852478271082906,0.17396993187690868,0.28,true,false
53,35_44|man|above_bachelor,3,0.28087594948331485,0.07,0.04,0.14199459804981324,0.08536528071411792,0.11728682170542636,0.1388813514335016,-0.015365280714117913,-0.07728682170542636,-0.030000000000000006,true,false
53,35_44|man|bachelor,1,0.09001895036498943,0.44,0.21,0.21306189397717673,0.43848719755696497,0.25668311017148226,-0.1230429436121873,0.0015128024430350329,-0.04668311017148227,-0.23,true,true
53,35_44|man|bachelor,2,0.7472609744533849,0.52,0.7,0.64494350797301,0.4761475217289171,0.6260300681230914,0.10231746648037487,0.043852478271082906,0.07396993187690859,0.17999999999999994,true,true
53,35_44|man|bachelor,3,0.16272007518162568,0.04,0.09,0.14199459804981324,0.08536528071411792,0.11728682170542636,0.020725477131812442,-0.04536528071411792,-0.02728682170542636,0.049999999999999996,true,true
53,35_44|man|college_trades,1,0.14406357490765684,0.44,0.24,0.21306189397717673,0.43848719755696497,0.25668311017148226,-0.06899831906951989,0.0015128024430350329,-0.016683110171482274,-0.2,true,true
53,35_44|man|college_trades,2,0.6492487609729393,0.46,0.54,0.64494350797301,0.4761475217289171,0.6260300681230914,0.004305252999929232,-0.01614752172891709,-0.08603006812309133,0.08000000000000002,true,true
53,35_44|man|college_trades,3,0.2066876641194039,0.1,0.22,0.14199459804981324,0.08536528071411792,0.11728682170542636,0.06469306606959066,0.014634719285882086,0.10271317829457365,0.12,true,true
53,35_44|man|high_school,1,0.49685313537808856,0.47,0.38,0.21306189397717673,0.43848719755696497,0.25668311017148226,0.28379124140091183,0.031512802443035004,0.12331688982851774,-0.08999999999999997,true,false
53,35_44|man|high_school,2,0.4403526175253477,0.48,0.51,0.64494350797301,0.4761475217289171,0.6260300681230914,-0.20459089044766232,0.003852478271082871,-0.11603006812309136,0.030000000000000027,true,false
53,35_44|man|high_school,3,0.0627942470965637,0.05,0.11,0.14199459804981324,0.08536528071411792,0.11728682170542636,-0.07920035095324954,-0.035365280714117917,-0.007286821705426355,0.06,true,false
53,35_44|woman|above_bachelor,1,0.08006307427121434,0.33,0.14,0.21306189397717673,0.43848719755696497,0.25668311017148226,-0.1329988197059624,-0.10848719755696495,-0.11668311017148225,-0.19,true,true
53,35_44|woman|above_bachelor,2,0.6531052766470782,0.6,0.73,0.64494350797301,0.4761475217289171,0.6260300681230914,0.008161768674068148,0.12385247827108287,0.10396993187690862,0.13,true,true
53,35_44|woman|above_bachelor,3,0.2668316490817075,0.07,0.13,0.14199459804981324,0.08536528071411792,0.11728682170542636,0.12483705103189424,-0.015365280714117913,0.012713178294573649,0.06,true,true
53,35_44|woman|bachelor,1,0.2224749408000984,0.4,0.24,0.21306189397717673,0.43848719755696497,0.25668311017148226,0.009413046822921656,-0.03848719755696495,-0.016683110171482274,-0.16000000000000003,true,false
53,35_44|woman|bachelor,2,0.5313165663957173,0.52,0.57,0.64494350797301,0.4761475217289171,0.6260300681230914,-0.1136269415772927,0.043852478271082906,-0.056030068123091414,0.04999999999999993,true,false
53,35_44|woman|bachelor,3,0.24620849280418425,0.08,0.19,0.14199459804981324,0.08536528071411792,0.11728682170542636,0.10421389475437101,-0.005365280714117918,0.07271317829457365,0.11,true,true
53,35_44|woman|college_trades,1,0.13877000191776975,0.37,0.26,0.21306189397717673,0.43848719755696497,0.25668311017148226,-0.07429189205940698,-0.06848719755696497,0.003316889828517744,-0.10999999999999999,true,true
53,35_44|woman|college_trades,2,0.5786383153867919,0.48,0.68,0.64494350797301,0.4761475217289171,0.6260300681230914,-0.06630519258621814,0.003852478271082871,0.05396993187690868,0.20000000000000007,true,false
53,35_44|woman|college_trades,3,0.28259168269543833,0.15,0.06,0.14199459804981324,0.08536528071411792,0.11728682170542636,0.1405970846456251,0.06463471928588208,-0.05728682170542636,-0.09,true,false
53,35_44|woman|high_school,1,0.2318582015900525,0.45,0.24,0.21306189397717673,0.43848719755696497,0.25668311017148226,0.018796307612875762,0.011512802443035042,-0.016683110171482274,-0.21000000000000002,true,false
53,35_44|woman|high_school,2,0.5965189203710415,0.46,0.58,0.64494350797301,0.4761475217289171,0.6260300681230914,-0.04842458760196855,-0.01614752172891709,-0.046030068123091405,0.11999999999999994,true,false
53,35_44|woman|high_school,3,0.17162287803890605,0.09,0.18,0.14199459804981324,0.08536528071411792,0.11728682170542636,0.029628279989092815,0.004634719285882077,0.06271317829457364,0.09,true,true
53,45_54|man|above_bachelor,1,0.35605194216276836,0.47,0.31,0.21306189397717673,0.43848719755696497,0.25668311017148226,0.14299004818559163,0.031512802443035004,0.05331688982851773,-0.15999999999999998,true,false
53,45_54|man|above_bachelor,2,0.6439480578372316,0.41,0.6,0.64494350797301,0.4761475217289171,0.6260300681230914,-0.0009954501357783974,-0.06614752172891714,-0.026030068123091388,0.19,true,false
53,45_54|man|above_bachelor,3,0.0,0.12,0.09,0.14199459804981324,0.08536528071411792,0.11728682170542636,-0.14199459804981324,0.034634719285882076,-0.02728682170542636,-0.03,true,true
53,45_54|man|bachelor,1,0.17040563885941312,0.4,0.29,0.21306189397717673,0.43848719755696497,0.25668311017148226,-0.04265625511776361,-0.03848719755696495,0.033316889828517715,-0.11000000000000004,true,true
53,45_54|man|bachelor,2,0.7473703019322442,0.49,0.65,0.64494350797301,0.4761475217289171,0.6260300681230914,0.10242679395923415,0.01385247827108288,0.023969931876908657,0.16000000000000003,true,true
53,45_54|man|bachelor,3,0.08222405920834273,0.11,0.06,0.14199459804981324,0.08536528071411792,0.11728682170542636,-0.0597705388414705,0.02463471928588208,-0.05728682170542636,-0.05,true,true
53,45_54|man|college_trades,1,0.26564408600919265,0.41,0.33,0.21306189397717673,0.43848719755696497,0.25668311017148226,0.05258219203201592,-0.028487197556964994,0.07331688982851775,-0.07999999999999996,true,false
53,45_54|man|college_trades,2,0.6250271790523128,0.5,0.58,0.64494350797301,0.4761475217289171,0.6260300681230914,-0.01991632892069728,0.02385247827108289,-0.046030068123091405,0.07999999999999996,true,false
53,45_54|man|college_trades,3,0.10932873493849461,0.09,0.09,0.14199459804981324,0.08536528071411792,0.11728682170542636,-0.032665863111318624,0.004634719285882077,-0.02728682170542636,0.0,true,false
53,45_54|man|high_school,1,0.3922156450896803,0.4,0.26,0.21306189397717673,0.43848719755696497,0.25668311017148226,0.1791537511125036,-0.03848719755696495,0.003316889828517744,-0.14,true,false
53,45_54|man|high_school,2,0.493120211341217,0.54,0.64,0.64494350797301,0.4761475217289171,0.6260300681230914,-0.15182329663179306,0.06385247827108292,0.013969931876908648,0.09999999999999998,true,false
53,45_54|man|high_school,3,0.1146641435691027,0.06,0.1,0.14199459804981324,0.08536528071411792,0.11728682170542636,-0.02733045448071053,-0.02536528071411792,-0.01728682170542635,0.04000000000000001,true,false
53,45_54|woman|above_bachelor,1,0.30029259009115433,0.48,0.18,0.21306189397717673,0.43848719755696497,0.25668311017148226,0.0872306961139776,0.04151280244303501,-0.07668311017148227,-0.3,true,false
53,45_54|woman|above_bachelor,2,0.6034060594388917,0.44,0.68,0.64494350797301,0.4761475217289171,0.6260300681230914,-0.04153744853411834,-0.03614752172891711,0.05396993187690868,0.24000000000000005,true,false
53,45_54|woman|above_bachelor,3,0.09630135046995401,0.08,0.14,0.14199459804981324,0.08536528071411792,0.11728682170542636,-0.04569324757985922,-0.005365280714117918,0.022713178294573658,0.06000000000000001,true,false
53,45_54|woman|bachelor,1,0.16236602967371355,0.47,0.25,0.21306189397717673,0.43848719755696497,0.25668311017148226,-0.05069586430346318,0.031512802443035004,-0.006683110171482265,-0.21999999999999997,true,true
53,45_54|woman|bachelor,2,0.7377265763071648,0.47,0.65,0.64494350797301,0.4761475217289171,0.6260300681230914,0.09278306833415473,-0.006147521728917138,0.023969931876908657,0.18000000000000005,true,true
53,45_54|woman|bachelor,3,0.09990739401912167,0.06,0.1,0.14199459804981324,0.08536528071411792,0.11728682170542636,-0.04208720403069156,-0.02536528071411792,-0.01728682170542635,0.04000000000000001,true,false
53,45_54|woman|college_trades,1,0.1976264549326937,0.59,0.25,0.21306189397717673,0.43848719755696497,0.25668311017148226,-0.015435439044483024,0.151512802443035,-0.006683110171482265,-0.33999999999999997,true,true
53,45_54|woman|college_trades,2,0.7058215999351161,0.36,0.54,0.64494350797301,0.4761475217289171,0.6260300681230914,0.06087809196210603,-0.11614752172891712,-0.08603006812309133,0.18000000000000005,true,true
53,45_54|woman|college_trades,3,0.09655194513219029,0.05,0.21,0.14199459804981324,0.08536528071411792,0.11728682170542636,-0.04544265291762295,-0.035365280714117917,0.09271317829457364,0.15999999999999998,true,false
53,45_54|woman|high_school,1,0.09506604875463633,0.494949494949495,0.29292929292929293,0.21306189397717673,0.43848719755696497,0.25668311017148226,-0.1179958452225404,0.05646229739253,0.03624618275781066,-0.20202020202020204,true,true
53,45_54|woman|high_school,2,0.7018793916824912,0.43434343434343436,0.5656565656565656,0.64494350797301,0.4761475217289171,0.6260300681230914,0.056935883709481216,-0.04180408738548275,-0.06037350246652573,0.13131313131313127,true,true
53,45_54|woman|high_school,3,0.20305455956287238,0.0707070707070707,0.1414141414141414,0.14199459804981324,0.08536528071411792,0.11728682170542636,0.06105996151305915,-0.014658210007047215,0.024127319708715053,0.0707070707070707,true,true
53,55_64|man|above_bachelor,1,0.19262631122790275,0.47,0.19,0.21306189397717673,0.43848719755696497,0.25668311017148226,-0.020435582749273984,0.031512802443035004,-0.06668311017148226,-0.27999999999999997,true,true
53,55_64|man|above_bachelor,2,0.8073736887720973,0.46,0.71,0.64494350797301,0.4761475217289171,0.6260300681230914,0.16243018079908722,-0.01614752172891709,0.0839699318769086,0.24999999999999994,true,true
53,55_64|man|above_bachelor,3,0.0,0.07,0.1,0.14199459804981324,0.08536528071411792,0.11728682170542636,-0.14199459804981324,-0.015365280714117913,-0.01728682170542635,0.03,true,false
53,55_64|man|bachelor,1,0.3737126970301951,0.47,0.25,0.21306189397717673,0.43848719755696497,0.25668311017148226,0.16065080305301838,0.031512802443035004,-0.006683110171482265,-0.21999999999999997,true,false
53,55_64|man|bachelor,2,0.5821599204081512,0.47,0.69,0.64494350797301,0.4761475217289171,0.6260300681230914,-0.0627835875648588,-0.006147521728917138,0.06396993187690858,0.21999999999999997,true,false
53,55_64|man|bachelor,3,0.04412738256165364,0.06,0.06,0.14199459804981324,0.08536528071411792,0.11728682170542636,-0.0978672154881596,-0.02536528071411792,-0.05728682170542636,0.0,true,false
53,55_64|man|college_trades,1,0.25058593452659644,0.42,0.34,0.21306189397717673,0.43848719755696497,0.25668311017148226,0.03752404054941971,-0.018487197556964985,0.08331688982851776,-0.07999999999999996,true,false
53,55_64|man|college_trades,2,0.6781908973249755,0.48,0.55,0.64494350797301,0.4761475217289171,0.6260300681230914,0.03324738935196547,0.003852478271082871,-0.07603006812309132,0.07000000000000006,true,true
53,55_64|man|college_trades,3,0.07122316814842805,0.1,0.11,0.14199459804981324,0.08536528071411792,0.11728682170542636,-0.07077142990138519,0.014634719285882086,-0.007286821705426355,0.009999999999999995,true,false
53,55_64|man|high_school,1,0.20352246253109865,0.44,0.24,0.21306189397717673,0.43848719755696497,0.25668311017148226,-0.009539431446078078,0.0015128024430350329,-0.016683110171482274,-0.2,true,true
53,55_64|man|high_school,2,0.7155503617972108,0.45,0.69,0.64494350797301,0.4761475217289171,0.6260300681230914,0.07060685382420073,-0.0261475217289171,0.06396993187690858,0.23999999999999994,true,true
53,55_64|man|high_school,3,0.08092717567169061,0.11,0.07,0.14199459804981324,0.08536528071411792,0.11728682170542636,-0.06106742237812263,0.02463471928588208,-0.04728682170542635,-0.039999999999999994,true,true
53,55_64|woman|above_bachelor,1,0.1089275032332393,0.42,0.15151515151515152,0.21306189397717673,0.43848719755696497,0.25668311017148226,-0.10413439074393743,-0.018487197556964985,-0.10516795865633075,-0.26848484848484844,true,true
53,55_64|woman|above_bachelor,2,0.5624289248957822,0.52,0.7171717171717171,0.64494350797301,0.4761475217289171,0.6260300681230914,-0.08251458307722781,0.043852478271082906,0.09114164904862576,0.1971717171717171,true,false
53,55_64|woman|above_bachelor,3,0.32864357187097853,0.06,0.13131313131313133,0.14199459804981324,0.08536528071411792,0.11728682170542636,0.1866489738211653,-0.02536528071411792,0.01402630960770497,0.07131313131313133,true,true
53,55_64|woman|bachelor,1,0.13580214340759741,0.37,0.21,0.21306189397717673,0.43848719755696497,0.25668311017148226,-0.07725975056957932,-0.06848719755696497,-0.04668311017148227,-0.16,true,true
53,55_64|woman|bachelor,2,0.741718355778214,0.54,0.65,0.64494350797301,0.4761475217289171,0.6260300681230914,0.09677484780520396,0.06385247827108292,0.023969931876908657,0.10999999999999999,true,true
53,55_64|woman|bachelor,3,0.12247950081418854,0.09,0.14,0.14199459804981324,0.08536528071411792,0.11728682170542636,-0.019515097235624695,0.004634719285882077,0.022713178294573658,0.05000000000000002,true,false
53,55_64|woman|college_trades,1,0.09731405228430524,0.57,0.32,0.21306189397717673,0.43848719755696497,0.25668311017148226,-0.11574784169287149,0.13151280244303498,0.06331688982851774,-0.24999999999999994,true,true
53,55_64|woman|college_trades,2,0.7677144859153462,0.3,0.54,0.64494350797301,0.4761475217289171,0.6260300681230914,0.12277097794233616,-0.17614752172891712,-0.08603006812309133,0.24000000000000005,true,true
53,55_64|woman|college_trades,3,0.1349714618003486,0.13,0.14,0.14199459804981324,0.08536528071411792,0.11728682170542636,-0.007023136249464629,0.044634719285882085,0.022713178294573658,0.010000000000000009,true,false
53,55_64|woman|high_school,1,0.24290237262641068,0.52,0.25,0.21306189397717673,0.43848719755696497,0.25668311017148226,0.029840478649233948,0.08151280244303505,-0.006683110171482265,-0.27,true,false
53,55_64|woman|high_school,2,0.5659435189600672,0.38,0.59,0.64494350797301,0.4761475217289171,0.6260300681230914,-0.0789999890129428,-0.0961475217289171,-0.0360300681230914,0.20999999999999996,true,false
53,55_64|woman|high_school,3,0.19115410841352207,0.1,0.16,0.14199459804981324,0.08536528071411792,0.11728682170542636,0.04915951036370883,0.014634719285882086,0.04271317829457365,0.06,true,true
53,65_74|man|above_bachelor,1,0.19612621164482547,0.39,0.29,0.21306189397717673,0.43848719755696497,0.25668311017148226,-0.016935682332351265,-0.048487197556964956,0.033316889828517715,-0.10000000000000003,true,true
53,65_74|man|above_bachelor,2,0.7241132150742776,0.51,0.65,0.64494350797301,0.4761475217289171,0.6260300681230914,0.07916970710126758,0.0338524782710829,0.023969931876908657,0.14,true,true
53,65_74|man|above_bachelor,3,0.07976057328089688,0.1,0.06,0.14199459804981324,0.08536528071411792,0.11728682170542636,-0.06223402476891636,0.014634719285882086,-0.05728682170542636,-0.04000000000000001,true,true
53,65_74|man|bachelor,1,0.26299591796665095,0.43,0.29292929292929293,0.21306189397717673,0.43848719755696497,0.25668311017148226,0.04993402398947422,-0.008487197556964976,0.03624618275781066,-0.13707070707070707,true,false
53,65_74|man|bachelor,2,0.6850868463835124,0.52,0.6464646464646465,0.64494350797301,0.4761475217289171,0.6260300681230914,0.04014333841050233,0.043852478271082906,0.020434578341555154,0.1264646464646465,true,true
53,65_74|man|bachelor,3,0.051917235649836656,0.05,0.06060606060606061,0.14199459804981324,0.08536528071411792,0.11728682170542636,-0.09007736239997657,-0.035365280714117917,-0.05668076109936575,0.010606060606060605,true,false
53,65_74|man|college_trades,1,0.1050960768463928,0.51,0.21,0.21306189397717673,0.43848719755696497,0.25668311017148226,-0.10796581713078393,0.07151280244303504,-0.04668311017148227,-0.30000000000000004,true,true
53,65_74|man|college_trades,2,0.8363000087668598,0.38,0.73,0.64494350797301,0.4761475217289171,0.6260300681230914,0.1913565007938498,-0.0961475217289171,0.10396993187690862,0.35,true,true
53,65_74|man|college_trades,3,0.058603914386747384,0.11,0.06,0.14199459804981324,0.08536528071411792,0.11728682170542636,-0.08339068366306585,0.02463471928588208,-0.05728682170542636,-0.05,true,true
53,65_74|man|high_school,1,0.22377779109216514,0.41,0.28,0.21306189397717673,0.43848719755696497,0.25668311017148226,0.01071589711498841,-0.028487197556964994,0.02331688982851776,-0.12999999999999995,true,false
53,65_74|man|high_school,2,0.712508552212408,0.49,0.65,0.64494350797301,0.4761475217289171,0.6260300681230914,0.06756504423939802,0.01385247827108288,0.023969931876908657,0.16000000000000003,true,true
53,65_74|man|high_school,3,0.06371365669542686,0.1,0.07,0.14199459804981324,0.08536528071411792,0.11728682170542636,-0.07828094135438637,0.014634719285882086,-0.04728682170542635,-0.03,true,true
53,65_74|woman|above_bachelor,1,0.22413890135732398,0.38,0.2,0.21306189397717673,0.43848719755696497,0.25668311017148226,0.011077007380147247,-0.058487197556964965,-0.056683110171482254,-0.18,true,false
53,65_74|woman|above_bachelor,2,0.6238857005313172,0.54,0.68,0.64494350797301,0.4761475217289171,0.6260300681230914,-0.021057807441692833,0.06385247827108292,0.05396993187690868,0.14,true,false
53,65_74|woman|above_bachelor,3,0.1519753981113588,0.08,0.12,0.14199459804981324,0.08536528071411792,0.11728682170542636,0.009980800061545558,-0.005365280714117918,0.00271317829457364,0.039999999999999994,true,true
53,65_74|woman|bachelor,1,0.1976509915853587,0.46,0.29,0.21306189397717673,0.43848719755696497,0.25668311017148226,-0.015410902391818027,0.02151280244303505,0.033316889828517715,-0.17000000000000004,true,true
53,65_74|woman|bachelor,2,0.6512378504849584,0.48,0.61,0.64494350797301,0.4761475217289171,0.6260300681230914,0.006294342511948381,0.003852478271082871,-0.01603006812309138,0.13,true,true
53,65_74|woman|bachelor,3,0.15111115792968288,0.06,0.1,0.14199459804981324,0.08536528071411792,0.11728682170542636,0.009116559879869646,-0.02536528071411792,-0.01728682170542635,0.04000000000000001,true,true
53,65_74|woman|college_trades,1,0.213521246346662,0.54,0.37,0.21306189397717673,0.43848719755696497,0.25668311017148226,0.0004593523694852719,0.10151280244303507,0.11331688982851773,-0.17000000000000004,true,false
53,65_74|woman|college_trades,2,0.6061864654263003,0.35,0.55,0.64494350797301,0.4761475217289171,0.6260300681230914,-0.03875704254670975,-0.12614752172891713,-0.07603006812309132,0.20000000000000007,true,false
53,65_74|woman|college_trades,3,0.18029228822703766,0.11,0.08,0.14199459804981324,0.08536528071411792,0.11728682170542636,0.038297690177224425,0.02463471928588208,-0.037286821705426354,-0.03,true,false
53,65_74|woman|high_school,1,0.29577594454697803,0.51,0.37,0.21306189397717673,0.43848719755696497,0.25668311017148226,0.0827140505698013,0.07151280244303504,0.11331688982851773,-0.14,true,false
53,65_74|woman|high_school,2,0.5211652380057481,0.39,0.57,0.64494350797301,0.4761475217289171,0.6260300681230914,-0.12377826996726193,-0.0861475217289171,-0.056030068123091414,0.17999999999999994,true,false
53,65_74|woman|high_school,3,0.18305881744727387,0.1,0.06,0.14199459804981324,0.08536528071411792,0.11728682170542636,0.04106421939746063,0.014634719285882086,-0.05728682170542636,-0.04000000000000001,true,false
53,75_plus|man|above_bachelor,1,0.33240769459956987,0.33,0.24,0.21306189397717673,0.43848719755696497,0.25668311017148226,0.11934580062239314,-0.10848719755696495,-0.016683110171482274,-0.09000000000000002,true,false
53,75_plus|man|above_bachelor,2,0.6435936150127775,0.54,0.62,0.64494350797301,0.4761475217289171,0.6260300681230914,-0.0013498929602325793,0.06385247827108292,-0.00603006812309137,0.07999999999999996,true,false
53,75_plus|man|above_bachelor,3,0.02399869038765268,0.13,0.14,0.14199459804981324,0.08536528071411792,0.11728682170542636,-0.11799590766216056,0.044634719285882085,0.022713178294573658,0.010000000000000009,true,false
53,75_plus|man|bachelor,1,0.46642107705881447,0.44,0.31,0.21306189397717673,0.43848719755696497,0.25668311017148226,0.25335918308163774,0.0015128024430350329,0.05331688982851773,-0.13,true,false
53,75_plus|man|bachelor,2,0.3648506168018478,0.49,0.59,0.64494350797301,0.4761475217289171,0.6260300681230914,-0.2800928911711622,0.01385247827108288,-0.0360300681230914,0.09999999999999998,true,false
53,75_plus|man|bachelor,3,0.1687283061393377,0.07,0.1,0.14199459804981324,0.08536528071411792,0.11728682170542636,0.026733708089524466,-0.015365280714117913,-0.01728682170542635,0.03,true,true
53,75_plus|man|high_school,1,0.21770786399200276,0.51,0.27,0.21306189397717673,0.43848719755696497,0.25668311017148226,0.0046459700148260286,0.07151280244303504,0.013316889828517753,-0.24,true,false
53,75_plus|man|high_school,2,0.7539439510411348,0.4,0.63,0.64494350797301,0.4761475217289171,0.6260300681230914,0.10900044306812473,-0.07614752172891709,0.003969931876908639,0.22999999999999998,true,true
53,75_plus|man|high_school,3,0.028348184966862453,0.09,0.1,0.14199459804981324,0.08536528071411792,0.11728682170542636,-0.11364641308295079,0.004634719285882077,-0.01728682170542635,0.010000000000000009,true,false
53,75_plus|woman|high_school,1,0.1556578019841272,0.59,0.27,0.21306189397717673,0.43848719755696497,0.25668311017148226,-0.05740409199304952,0.151512802443035,0.013316889828517753,-0.31999999999999995,true,true
53,75_plus|woman|high_school,2,0.510053275836184,0.31,0.59,0.64494350797301,0.4761475217289171,0.6260300681230914,-0.13489023213682605,-0.1661475217289171,-0.0360300681230914,0.27999999999999997,true,false
53,75_plus|woman|high_school,3,0.33428892217968875,0.1,0.14,0.14199459804981324,0.08536528071411792,0.11728682170542636,0.19229432412987552,0.014634719285882086,0.022713178294573658,0.04000000000000001,true,true
56,18_24|woman,1,0.17507117465393082,0.09,0.15,0.0958744057955868,0.15947536590393735,0.2001236072060814,0.07919676885834402,-0.06947536590393735,-0.050123607206081416,0.06,true,true
56,18_24|woman,2,0.12747809533208,0.32,0.29,0.188555515661024,0.3641410018552876,0.32883442674164326,-0.061077420328944004,-0.044141001855287576,-0.03883442674164328,-0.030000000000000027,true,true
56,18_24|woman,3,0.1823701428684511,0.44,0.4,0.2769222872813367,0.34521438878581734,0.3301045506612517,-0.09455214441288562,0.09478561121418266,0.0698954493387483,-0.03999999999999998,true,true
56,18_24|woman,4,0.492225878830177,0.14,0.12,0.3451043866812261,0.11705751391465677,0.11376382380506092,0.14712149214895087,0.022942486085343244,0.006236176194939075,-0.020000000000000018,true,false
56,18_24|woman,8,0.022854708315361117,0.01,0.03,0.08738808738018414,0.01210162853019996,0.020111735915859626,-0.06453337906482302,-0.00210162853019996,0.009888264084140373,0.019999999999999997,true,false
56,18_24|woman,9,0.0,0.0,0.01,0.006155317200642186,0.00201010101010101,0.0070618556701030925,-0.006155317200642186,-0.00201010101010101,0.0029381443298969077,0.01,true,false
56,25_34|woman,1,0.04071599131588219,0.11224489795918367,0.1,0.0958744057955868,0.15947536590393735,0.2001236072060814,-0.05515841447970461,-0.047230467944753676,-0.1001236072060814,-0.012244897959183668,true,true
56,25_34|woman,2,0.05634420370015368,0.3163265306122449,0.38,0.188555515661024,0.3641410018552876,0.32883442674164326,-0.13221131196087033,-0.04781447124304267,0.051165573258356745,0.06367346938775509,true,false
56,25_34|woman,3,0.2808967384487797,0.41836734693877553,0.41,0.2769222872813367,0.34521438878581734,0.3301045506612517,0.003974451167442994,0.07315295815295819,0.07989544933874826,-0.008367346938775555,true,false
56,25_34|woman,4,0.5094943393276469,0.15306122448979592,0.09,0.3451043866812261,0.11705751391465677,0.11376382380506092,0.16438995264642076,0.03600371057513915,-0.023763823805060924,-0.06306122448979593,true,false
56,25_34|woman,8,0.11254872720753749,0.0,0.01,0.08738808738018414,0.01210162853019996,0.020111735915859626,0.02516063982735335,-0.01210162853019996,-0.010111735915859626,0.01,true,true
56,25_34|woman,9,0.0,0.0,0.01,0.006155317200642186,0.00201010101010101,0.0070618556701030925,-0.006155317200642186,-0.00201010101010101,0.0029381443298969077,0.01,true,false
56,35_44|man,1,0.08708548646142528,0.16,0.15151515151515152,0.0958744057955868,0.15947536590393735,0.2001236072060814,-0.008788919334161524,0.0005246340960626539,-0.04860845569092989,-0.008484848484848484,true,true
56,35_44|man,2,0.18182675573308849,0.39,0.3434343434343434,0.188555515661024,0.3641410018552876,0.32883442674164326,-0.006728759927935507,0.02585899814471243,0.014599916692700166,-0.04656565656565659,true,true
56,35_44|man,3,0.30978483735009993,0.29,0.2828282828282828,0.2769222872813367,0.34521438878581734,0.3301045506612517,0.03286255006876321,-0.05521438878581736,-0.0472762678329689,-0.007171717171717162,true,false
56,35_44|man,4,0.3416894043000854,0.15,0.21212121212121213,0.3451043866812261,0.11705751391465677,0.11376382380506092,-0.003414982381140741,0.032942486085343226,0.0983573883161512,0.06212121212121213,true,false
56,35_44|man,8,0.07961351615530089,0.01,0.010101010101010102,0.08738808738018414,0.01210162853019996,0.020111735915859626,-0.007774571224883245,-0.00210162853019996,-0.010010725814849524,0.00010101010101010166,true,false
56,35_44|man,9,0.0,0.0,0.0,0.006155317200642186,0.00201010101010101,0.0070618556701030925,-0.006155317200642186,-0.00201010101010101,-0.0070618556701030925,0.0,true,false
56,35_44|woman,1,0.13657604531024914,0.15151515151515152,0.2222222222222222,0.0958744057955868,0.15947536590393735,0.2001236072060814,0.04070163951466234,-0.00796021438878583,0.0220986150161408,0.07070707070707069,true,true
56,35_44|woman,2,0.04092419490252768,0.3434343434343434,0.26262626262626265,0.188555515661024,0.3641410018552876,0.32883442674164326,-0.1476313207584963,-0.020706658420944157,-0.06620816411538061,-0.08080808080808077,true,true
56,35_44|woman,3,0.24557131357230338,0.3434343434343434,0.3434343434343434,0.2769222872813367,0.34521438878581734,0.3301045506612517,-0.031350973709033336,-0.0017800453514739134,0.013329792773091709,0.0,true,false
56,35_44|woman,4,0.47597485290432057,0.1414141414141414,0.1111111111111111,0.3451043866812261,0.11705751391465677,0.11376382380506092,0.13087046622309445,0.02435662749948464,-0.002652712693949816,-0.030303030303030304,true,false
56,35_44|woman,8,0.09629584872890053,0.020202020202020204,0.06060606060606061,0.08738808738018414,0.01210162853019996,0.020111735915859626,0.00890776134871639,0.008100391671820244,0.04049432469020098,0.0404040404040404,true,true
56,35_44|woman,9,0.0046577445816986885,0.0,0.0,0.006155317200642186,0.00201010101010101,0.0070618556701030925,-0.0014975726189434971,-0.00201010101010101,-0.0070618556701030925,0.0,true,false
56,45_54|man,1,0.07558412345869626,0.12121212121212122,0.20618556701030927,0.0958744057955868,0.15947536590393735,0.2001236072060814,-0.020290282336890536,-0.038263244691816134,0.006061959804227857,0.08497344579818805,true,false
56,45_54|man,2,0.07423415647417073,0.42424242424242425,0.26804123711340205,0.188555515661024,0.3641410018552876,0.32883442674164326,-0.11432135918685327,0.06010142238713667,-0.06079318962824121,-0.1562011871290222,true,true
56,45_54|man,3,0.5100392521006545,0.32323232323232326,0.3917525773195876,0.2769222872813367,0.34521438878581734,0.3301045506612517,0.23311696481931776,-0.02198206555349408,0.06164802665833591,0.06852025408726437,true,true
56,45_54|man,4,0.2619455966090125,0.1111111111111111,0.10309278350515463,0.3451043866812261,0.11705751391465677,0.11376382380506092,-0.0831587900722136,-0.005946402803545664,-0.010671040299906287,-0.008018327605956471,true,true
56,45_54|man,8,0.078196871357466,0.010101010101010102,0.010309278350515464,0.08738808738018414,0.01210162853019996,0.020111735915859626,-0.009191216022718135,-0.002000618429189858,-0.009802457565344163,0.00020826824950536185,true,false
56,45_54|man,9,0.0,0.010101010101010102,0.020618556701030927,0.006155317200642186,0.00201010101010101,0.0070618556701030925,-0.006155317200642186,0.008090909090909091,0.013556701030927834,0.010517546600020826,true,false
56,45_54|woman,1,0.0,0.18,0.13131313131313133,0.0958744057955868,0.15947536590393735,0.2001236072060814,-0.0958744057955868,0.020524634096062644,-0.06881047589295008,-0.04868686868686867,true,true
56,45_54|woman,2,0.18591400770393893,0.43,0.42424242424242425,0.188555515661024,0.3641410018552876,0.32883442674164326,-0.0026415079570850653,0.06585899814471241,0.095407997500781,-0.005757575757575739,true,true
56,45_54|woman,3,0.30922057464220565,0.29,0.30303030303030304,0.2769222872813367,0.34521438878581734,0.3301045506612517,0.03229828736086893,-0.05521438878581736,-0.027074247630948678,0.013030303030303059,true,true
56,45_54|woman,4,0.4434627573851932,0.09,0.13131313131313133,0.3451043866812261,0.11705751391465677,0.11376382380506092,0.09835837070396708,-0.027057513914656772,0.017549307508070405,0.04131313131313133,true,true
56,45_54|woman,8,0.061402660268662236,0.01,0.010101010101010102,0.08738808738018414,0.01210162853019996,0.020111735915859626,-0.0259854271115219,-0.00210162853019996,-0.010010725814849524,0.00010101010101010166,true,false
56,45_54|woman,9,0.0,0.0,0.0,0.006155317200642186,0.00201010101010101,0.0070618556701030925,-0.006155317200642186,-0.00201010101010101,-0.0070618556701030925,0.0,true,false
56,55_64|man,1,0.0,0.16326530612244897,0.22,0.0958744057955868,0.15947536590393735,0.2001236072060814,-0.0958744057955868,0.003789940218511617,0.01987639279391859,0.056734693877551035,true,false
56,55_64|man,2,0.4424375899306692,0.35714285714285715,0.32,0.188555515661024,0.3641410018552876,0.32883442674164326,0.25388207426964515,-0.006998144712430432,-0.008834426741643253,-0.037142857142857144,true,false
56,55_64|man,3,0.16463749683916667,0.37755102040816324,0.35,0.2769222872813367,0.34521438878581734,0.3301045506612517,-0.11228479044217005,0.0323366316223459,0.01989544933874826,-0.027551020408163263,true,true
56,55_64|man,4,0.223490659609619,0.09183673469387756,0.08,0.3451043866812261,0.11705751391465677,0.11376382380506092,-0.12161372707160711,-0.025220779220779213,-0.03376382380506092,-0.011836734693877554,true,true
56,55_64|man,8,0.12407837472822396,0.01020408163265306,0.03,0.08738808738018414,0.01210162853019996,0.020111735915859626,0.03669028734803982,-0.0018975468975468996,0.009888264084140373,0.01979591836734694,true,true
56,55_64|man,9,0.04535587889232122,0.0,0.0,0.006155317200642186,0.00201010101010101,0.0070618556701030925,0.039200561691679035,-0.00201010101010101,-0.0070618556701030925,0.0,true,false
56,55_64|woman,1,0.13012011402706744,0.1414141414141414,0.22,0.0958744057955868,0.15947536590393735,0.2001236072060814,0.03424570823148064,-0.01806122448979594,0.01987639279391859,0.07858585858585859,true,true
56,55_64|woman,2,0.20978186133377102,0.41414141414141414,0.36,0.188555515661024,0.3641410018552876,0.32883442674164326,0.021226345672747032,0.05000041228612656,0.031165573258356727,-0.05414141414141416,true,false
56,55_64|woman,3,0.24316302959962158,0.32323232323232326,0.29,0.2769222872813367,0.34521438878581734,0.3301045506612517,-0.033759257681715144,-0.02198206555349408,-0.04010455066125174,-0.03323232323232328,true,true
56,55_64|woman,4,0.21987507056111893,0.1111111111111111,0.09,0.3451043866812261,0.11705751391465677,0.11376382380506092,-0.12522931612010718,-0.005946402803545664,-0.023763823805060924,-0.02111111111111111,true,true
56,55_64|woman,8,0.19705992447842102,0.010101010101010102,0.01,0.08738808738018414,0.01210162853019996,0.020111735915859626,0.10967183709823689,-0.002000618429189858,-0.010111735915859626,-0.00010101010101010166,true,false
56,55_64|woman,9,0.0,0.0,0.03,0.006155317200642186,0.00201010101010101,0.0070618556701030925,-0.006155317200642186,-0.00201010101010101,0.022938144329896906,0.03,true,false
56,65_74|man,1,0.2894033150888053,0.22,0.25,0.0958744057955868,0.15947536590393735,0.2001236072060814,0.19352890929321848,0.06052463409606265,0.04987639279391859,0.03,true,true
56,65_74|man,2,0.30155919052865293,0.34,0.35,0.188555515661024,0.3641410018552876,0.32883442674164326,0.11300367486762894,-0.024141001855287558,0.021165573258356718,0.009999999999999953,true,true
56,65_74|man,3,0.2686085236127496,0.33,0.33,0.2769222872813367,0.34521438878581734,0.3301045506612517,-0.008313763668587104,-0.015214388785817323,-0.0001045506612517011,0.0,true,false
56,65_74|man,4,0.038598728207824,0.08,0.07,0.3451043866812261,0.11705751391465677,0.11376382380506092,-0.3065056584734021,-0.03705751391465677,-0.043763823805060914,-0.009999999999999995,true,true
56,65_74|man,8,0.10183024256196818,0.02,0.0,0.08738808738018414,0.01210162853019996,0.020111735915859626,0.014442155181784044,0.00789837146980004,-0.020111735915859626,-0.02,true,false
56,65_74|man,9,0.0,0.01,0.0,0.006155317200642186,0.00201010101010101,0.0070618556701030925,-0.006155317200642186,0.00798989898989899,-0.0070618556701030925,-0.01,true,true
56,65_74|woman,1,0.024187807639811574,0.25510204081632654,0.35,0.0958744057955868,0.15947536590393735,0.2001236072060814,-0.07168659815577523,0.09562667491238919,0.14987639279391857,0.09489795918367344,true,false
56,65_74|woman,2,0.2650551009711874,0.30612244897959184,0.29,0.188555515661024,0.3641410018552876,0.32883442674164326,0.0764995853101634,-0.05801855287569574,-0.03883442674164328,-0.016122448979591864,true,false
56,65_74|woman,3,0.25493096377933544,0.3163265306122449,0.2,0.2769222872813367,0.34521438878581734,0.3301045506612517,-0.02199132350200128,-0.028887858173572423,-0.1301045506612517,-0.1163265306122449,true,true
56,65_74|woman,4,0.44428657907726365,0.10204081632653061,0.13,0.3451043866812261,0.11705751391465677,0.11376382380506092,0.09918219239603754,-0.015016697588126154,0.016236176194939084,0.02795918367346939,true,true
56,65_74|woman,8,0.0,0.02040816326530612,0.03,0.08738808738018414,0.01210162853019996,0.020111735915859626,-0.08738808738018414,0.00830653473510616,0.009888264084140373,0.009591836734693878,true,false
56,65_74|woman,9,0.011539548532401946,0.0,0.0,0.006155317200642186,0.00201010101010101,0.0070618556701030925,0.00538423133175976,-0.00201010101010101,-0.0070618556701030925,0.0,true,false
